solid OpenSCAD_Model
  facet normal 0.156456 0.987685 -0
    outer loop
      vertex 8.43216 44.2029 0
      vertex 5.63999 44.6452 6
      vertex 8.43216 44.2029 6
    endloop
  endfacet
  facet normal 0.156456 0.987685 0
    outer loop
      vertex 5.63999 44.6452 6
      vertex 8.43216 44.2029 0
      vertex 5.63999 44.6452 0
    endloop
  endfacet
  facet normal 0.995563 0.0940939 0
    outer loop
      vertex 44.9112 2.82557 6
      vertex 44.6452 5.63999 0
      vertex 44.6452 5.63999 6
    endloop
  endfacet
  facet normal 0.995563 0.0940939 0
    outer loop
      vertex 44.6452 5.63999 0
      vertex 44.9112 2.82557 6
      vertex 44.9112 2.82557 0
    endloop
  endfacet
  facet normal 0.999507 0.0314118 0
    outer loop
      vertex 45 0 6
      vertex 44.9112 2.82557 0
      vertex 44.9112 2.82557 6
    endloop
  endfacet
  facet normal 0.999507 0.0314118 0
    outer loop
      vertex 44.9112 2.82557 0
      vertex 45 0 6
      vertex 45 0 0
    endloop
  endfacet
  facet normal 0.987685 0.156456 0
    outer loop
      vertex 44.6452 5.63999 6
      vertex 44.2029 8.43216 0
      vertex 44.2029 8.43216 6
    endloop
  endfacet
  facet normal 0.987685 0.156456 0
    outer loop
      vertex 44.2029 8.43216 0
      vertex 44.6452 5.63999 6
      vertex 44.6452 5.63999 0
    endloop
  endfacet
  facet normal 0.975915 0.218152 0
    outer loop
      vertex 44.2029 8.43216 6
      vertex 43.5862 11.191 0
      vertex 43.5862 11.191 6
    endloop
  endfacet
  facet normal 0.975915 0.218152 0
    outer loop
      vertex 43.5862 11.191 0
      vertex 44.2029 8.43216 6
      vertex 44.2029 8.43216 0
    endloop
  endfacet
  facet normal -0.156456 0.987685 0
    outer loop
      vertex -5.63999 44.6452 0
      vertex -8.43216 44.2029 6
      vertex -5.63999 44.6452 6
    endloop
  endfacet
  facet normal -0.156456 0.987685 0
    outer loop
      vertex -8.43216 44.2029 6
      vertex -5.63999 44.6452 0
      vertex -8.43216 44.2029 0
    endloop
  endfacet
  facet normal -0.0314118 -0.999507 0
    outer loop
      vertex -2.82557 -44.9112 0
      vertex 0 -45 6
      vertex -2.82557 -44.9112 6
    endloop
  endfacet
  facet normal -0.0314118 -0.999507 -0
    outer loop
      vertex 0 -45 6
      vertex -2.82557 -44.9112 0
      vertex 0 -45 0
    endloop
  endfacet
  facet normal -0.156456 -0.987685 0
    outer loop
      vertex -8.43216 -44.2029 0
      vertex -5.63999 -44.6452 6
      vertex -8.43216 -44.2029 6
    endloop
  endfacet
  facet normal -0.156456 -0.987685 -0
    outer loop
      vertex -5.63999 -44.6452 6
      vertex -8.43216 -44.2029 0
      vertex -5.63999 -44.6452 0
    endloop
  endfacet
  facet normal -0.338742 0.940879 0
    outer loop
      vertex -13.9058 42.7975 0
      vertex -16.5656 41.8399 6
      vertex -13.9058 42.7975 6
    endloop
  endfacet
  facet normal -0.338742 0.940879 0
    outer loop
      vertex -16.5656 41.8399 6
      vertex -13.9058 42.7975 0
      vertex -16.5656 41.8399 0
    endloop
  endfacet
  facet normal 0.453993 -0.891005 0
    outer loop
      vertex 19.1601 -40.7172 0
      vertex 21.6789 -39.4338 6
      vertex 19.1601 -40.7172 6
    endloop
  endfacet
  facet normal 0.453993 -0.891005 0
    outer loop
      vertex 21.6789 -39.4338 6
      vertex 19.1601 -40.7172 0
      vertex 21.6789 -39.4338 0
    endloop
  endfacet
  facet normal -0.995563 0.0940939 0
    outer loop
      vertex -44.9112 2.82557 0
      vertex -44.6452 5.63999 6
      vertex -44.6452 5.63999 0
    endloop
  endfacet
  facet normal -0.995563 0.0940939 0
    outer loop
      vertex -44.6452 5.63999 6
      vertex -44.9112 2.82557 0
      vertex -44.9112 2.82557 6
    endloop
  endfacet
  facet normal -0.827076 0.56209 0
    outer loop
      vertex -37.9948 24.1122 0
      vertex -36.4058 26.4503 6
      vertex -36.4058 26.4503 0
    endloop
  endfacet
  facet normal -0.827076 0.56209 0
    outer loop
      vertex -36.4058 26.4503 6
      vertex -37.9948 24.1122 0
      vertex -37.9948 24.1122 6
    endloop
  endfacet
  facet normal -0.0940939 0.995563 0
    outer loop
      vertex -2.82557 44.9112 0
      vertex -5.63999 44.6452 6
      vertex -2.82557 44.9112 6
    endloop
  endfacet
  facet normal -0.0940939 0.995563 0
    outer loop
      vertex -5.63999 44.6452 6
      vertex -2.82557 44.9112 0
      vertex -5.63999 44.6452 0
    endloop
  endfacet
  facet normal -0.397136 0.91776 0
    outer loop
      vertex -16.5656 41.8399 0
      vertex -19.1601 40.7172 6
      vertex -16.5656 41.8399 6
    endloop
  endfacet
  facet normal -0.397136 0.91776 0
    outer loop
      vertex -19.1601 40.7172 6
      vertex -16.5656 41.8399 0
      vertex -19.1601 40.7172 0
    endloop
  endfacet
  facet normal -0.661317 0.750106 0
    outer loop
      vertex -28.6841 34.6731 0
      vertex -30.8046 32.8036 6
      vertex -28.6841 34.6731 6
    endloop
  endfacet
  facet normal -0.661317 0.750106 0
    outer loop
      vertex -30.8046 32.8036 6
      vertex -28.6841 34.6731 0
      vertex -30.8046 32.8036 0
    endloop
  endfacet
  facet normal 0.56209 -0.827076 0
    outer loop
      vertex 24.1122 -37.9948 0
      vertex 26.4503 -36.4058 6
      vertex 24.1122 -37.9948 6
    endloop
  endfacet
  facet normal 0.56209 -0.827076 0
    outer loop
      vertex 26.4503 -36.4058 6
      vertex 24.1122 -37.9948 0
      vertex 26.4503 -36.4058 0
    endloop
  endfacet
  facet normal -0.940879 0.338742 0
    outer loop
      vertex -42.7975 13.9058 0
      vertex -41.8399 16.5656 6
      vertex -41.8399 16.5656 0
    endloop
  endfacet
  facet normal -0.940879 0.338742 0
    outer loop
      vertex -41.8399 16.5656 6
      vertex -42.7975 13.9058 0
      vertex -42.7975 13.9058 6
    endloop
  endfacet
  facet normal 0.338742 0.940879 -0
    outer loop
      vertex 16.5656 41.8399 0
      vertex 13.9058 42.7975 6
      vertex 16.5656 41.8399 6
    endloop
  endfacet
  facet normal 0.338742 0.940879 0
    outer loop
      vertex 13.9058 42.7975 6
      vertex 16.5656 41.8399 0
      vertex 13.9058 42.7975 0
    endloop
  endfacet
  facet normal 0.397136 -0.91776 0
    outer loop
      vertex 16.5656 -41.8399 0
      vertex 19.1601 -40.7172 6
      vertex 16.5656 -41.8399 6
    endloop
  endfacet
  facet normal 0.397136 -0.91776 0
    outer loop
      vertex 19.1601 -40.7172 6
      vertex 16.5656 -41.8399 0
      vertex 19.1601 -40.7172 0
    endloop
  endfacet
  facet normal -0.975915 0.218152 0
    outer loop
      vertex -44.2029 8.43216 0
      vertex -43.5862 11.191 6
      vertex -43.5862 11.191 0
    endloop
  endfacet
  facet normal -0.975915 0.218152 0
    outer loop
      vertex -43.5862 11.191 6
      vertex -44.2029 8.43216 0
      vertex -44.2029 8.43216 6
    endloop
  endfacet
  facet normal 0.790157 0.612904 0
    outer loop
      vertex 36.4058 26.4503 6
      vertex 34.6731 28.6841 0
      vertex 34.6731 28.6841 6
    endloop
  endfacet
  facet normal 0.790157 0.612904 0
    outer loop
      vertex 34.6731 28.6841 0
      vertex 36.4058 26.4503 6
      vertex 36.4058 26.4503 0
    endloop
  endfacet
  facet normal 0.86075 0.509028 0
    outer loop
      vertex 39.4338 21.6789 6
      vertex 37.9948 24.1122 0
      vertex 37.9948 24.1122 6
    endloop
  endfacet
  facet normal 0.86075 0.509028 0
    outer loop
      vertex 37.9948 24.1122 0
      vertex 39.4338 21.6789 6
      vertex 39.4338 21.6789 0
    endloop
  endfacet
  facet normal 0.0314118 -0.999507 0
    outer loop
      vertex 0 -45 0
      vertex 2.82557 -44.9112 6
      vertex 0 -45 6
    endloop
  endfacet
  facet normal 0.0314118 -0.999507 0
    outer loop
      vertex 2.82557 -44.9112 6
      vertex 0 -45 0
      vertex 2.82557 -44.9112 0
    endloop
  endfacet
  facet normal -0.891005 0.453993 0
    outer loop
      vertex -40.7172 19.1601 0
      vertex -39.4338 21.6789 6
      vertex -39.4338 21.6789 0
    endloop
  endfacet
  facet normal -0.891005 0.453993 0
    outer loop
      vertex -39.4338 21.6789 6
      vertex -40.7172 19.1601 0
      vertex -40.7172 19.1601 6
    endloop
  endfacet
  facet normal -0.278984 0.960296 0
    outer loop
      vertex -11.191 43.5862 0
      vertex -13.9058 42.7975 6
      vertex -11.191 43.5862 6
    endloop
  endfacet
  facet normal -0.278984 0.960296 0
    outer loop
      vertex -13.9058 42.7975 6
      vertex -11.191 43.5862 0
      vertex -13.9058 42.7975 0
    endloop
  endfacet
  facet normal -0.612904 0.790157 0
    outer loop
      vertex -26.4503 36.4058 0
      vertex -28.6841 34.6731 6
      vertex -26.4503 36.4058 6
    endloop
  endfacet
  facet normal -0.612904 0.790157 0
    outer loop
      vertex -28.6841 34.6731 6
      vertex -26.4503 36.4058 0
      vertex -28.6841 34.6731 0
    endloop
  endfacet
  facet normal -0.827076 -0.56209 0
    outer loop
      vertex -36.4058 -26.4503 0
      vertex -37.9948 -24.1122 6
      vertex -37.9948 -24.1122 0
    endloop
  endfacet
  facet normal -0.827076 -0.56209 0
    outer loop
      vertex -37.9948 -24.1122 6
      vertex -36.4058 -26.4503 0
      vertex -36.4058 -26.4503 6
    endloop
  endfacet
  facet normal 0.707107 -0.707107 0
    outer loop
      vertex 30.8046 -32.8036 6
      vertex 32.8036 -30.8046 0
      vertex 32.8036 -30.8046 6
    endloop
  endfacet
  facet normal 0.707107 -0.707107 0
    outer loop
      vertex 32.8036 -30.8046 0
      vertex 30.8046 -32.8036 6
      vertex 30.8046 -32.8036 0
    endloop
  endfacet
  facet normal -0.960296 0.278984 0
    outer loop
      vertex -43.5862 11.191 0
      vertex -42.7975 13.9058 6
      vertex -42.7975 13.9058 0
    endloop
  endfacet
  facet normal -0.960296 0.278984 0
    outer loop
      vertex -42.7975 13.9058 6
      vertex -43.5862 11.191 0
      vertex -43.5862 11.191 6
    endloop
  endfacet
  facet normal 0.960296 0.278984 0
    outer loop
      vertex 43.5862 11.191 6
      vertex 42.7975 13.9058 0
      vertex 42.7975 13.9058 6
    endloop
  endfacet
  facet normal 0.960296 0.278984 0
    outer loop
      vertex 42.7975 13.9058 0
      vertex 43.5862 11.191 6
      vertex 43.5862 11.191 0
    endloop
  endfacet
  facet normal -0.612904 -0.790157 0
    outer loop
      vertex -28.6841 -34.6731 0
      vertex -26.4503 -36.4058 6
      vertex -28.6841 -34.6731 6
    endloop
  endfacet
  facet normal -0.612904 -0.790157 -0
    outer loop
      vertex -26.4503 -36.4058 6
      vertex -28.6841 -34.6731 0
      vertex -26.4503 -36.4058 0
    endloop
  endfacet
  facet normal 0.509028 0.86075 -0
    outer loop
      vertex 24.1122 37.9948 0
      vertex 21.6789 39.4338 6
      vertex 24.1122 37.9948 6
    endloop
  endfacet
  facet normal 0.509028 0.86075 0
    outer loop
      vertex 21.6789 39.4338 6
      vertex 24.1122 37.9948 0
      vertex 21.6789 39.4338 0
    endloop
  endfacet
  facet normal 0.960296 -0.278984 0
    outer loop
      vertex 42.7975 -13.9058 6
      vertex 43.5862 -11.191 0
      vertex 43.5862 -11.191 6
    endloop
  endfacet
  facet normal 0.960296 -0.278984 0
    outer loop
      vertex 43.5862 -11.191 0
      vertex 42.7975 -13.9058 6
      vertex 42.7975 -13.9058 0
    endloop
  endfacet
  facet normal -0.987685 -0.156456 0
    outer loop
      vertex -44.2029 -8.43216 0
      vertex -44.6452 -5.63999 6
      vertex -44.6452 -5.63999 0
    endloop
  endfacet
  facet normal -0.987685 -0.156456 0
    outer loop
      vertex -44.6452 -5.63999 6
      vertex -44.2029 -8.43216 0
      vertex -44.2029 -8.43216 6
    endloop
  endfacet
  facet normal -0.91776 0.397136 0
    outer loop
      vertex -41.8399 16.5656 0
      vertex -40.7172 19.1601 6
      vertex -40.7172 19.1601 0
    endloop
  endfacet
  facet normal -0.91776 0.397136 0
    outer loop
      vertex -40.7172 19.1601 6
      vertex -41.8399 16.5656 0
      vertex -41.8399 16.5656 6
    endloop
  endfacet
  facet normal -0.987685 0.156456 0
    outer loop
      vertex -44.6452 5.63999 0
      vertex -44.2029 8.43216 6
      vertex -44.2029 8.43216 0
    endloop
  endfacet
  facet normal -0.987685 0.156456 0
    outer loop
      vertex -44.2029 8.43216 6
      vertex -44.6452 5.63999 0
      vertex -44.6452 5.63999 6
    endloop
  endfacet
  facet normal -0.218152 0.975915 0
    outer loop
      vertex -8.43216 44.2029 0
      vertex -11.191 43.5862 6
      vertex -8.43216 44.2029 6
    endloop
  endfacet
  facet normal -0.218152 0.975915 0
    outer loop
      vertex -11.191 43.5862 6
      vertex -8.43216 44.2029 0
      vertex -11.191 43.5862 0
    endloop
  endfacet
  facet normal 0.218152 0.975915 -0
    outer loop
      vertex 11.191 43.5862 0
      vertex 8.43216 44.2029 6
      vertex 11.191 43.5862 6
    endloop
  endfacet
  facet normal 0.218152 0.975915 0
    outer loop
      vertex 8.43216 44.2029 6
      vertex 11.191 43.5862 0
      vertex 8.43216 44.2029 0
    endloop
  endfacet
  facet normal -0.453993 -0.891005 0
    outer loop
      vertex -21.6789 -39.4338 0
      vertex -19.1601 -40.7172 6
      vertex -21.6789 -39.4338 6
    endloop
  endfacet
  facet normal -0.453993 -0.891005 -0
    outer loop
      vertex -19.1601 -40.7172 6
      vertex -21.6789 -39.4338 0
      vertex -19.1601 -40.7172 0
    endloop
  endfacet
  facet normal 0.891005 0.453993 0
    outer loop
      vertex 40.7172 19.1601 6
      vertex 39.4338 21.6789 0
      vertex 39.4338 21.6789 6
    endloop
  endfacet
  facet normal 0.891005 0.453993 0
    outer loop
      vertex 39.4338 21.6789 0
      vertex 40.7172 19.1601 6
      vertex 40.7172 19.1601 0
    endloop
  endfacet
  facet normal 0.278984 -0.960296 0
    outer loop
      vertex 11.191 -43.5862 0
      vertex 13.9058 -42.7975 6
      vertex 11.191 -43.5862 6
    endloop
  endfacet
  facet normal 0.278984 -0.960296 0
    outer loop
      vertex 13.9058 -42.7975 6
      vertex 11.191 -43.5862 0
      vertex 13.9058 -42.7975 0
    endloop
  endfacet
  facet normal 0.987685 -0.156456 0
    outer loop
      vertex 44.2029 -8.43216 6
      vertex 44.6452 -5.63999 0
      vertex 44.6452 -5.63999 6
    endloop
  endfacet
  facet normal 0.987685 -0.156456 0
    outer loop
      vertex 44.6452 -5.63999 0
      vertex 44.2029 -8.43216 6
      vertex 44.2029 -8.43216 0
    endloop
  endfacet
  facet normal -0.0314118 0.999507 0
    outer loop
      vertex 0 45 0
      vertex -2.82557 44.9112 6
      vertex 0 45 6
    endloop
  endfacet
  facet normal -0.0314118 0.999507 0
    outer loop
      vertex -2.82557 44.9112 6
      vertex 0 45 0
      vertex -2.82557 44.9112 0
    endloop
  endfacet
  facet normal -0.790157 -0.612904 0
    outer loop
      vertex -34.6731 -28.6841 0
      vertex -36.4058 -26.4503 6
      vertex -36.4058 -26.4503 0
    endloop
  endfacet
  facet normal -0.790157 -0.612904 0
    outer loop
      vertex -36.4058 -26.4503 6
      vertex -34.6731 -28.6841 0
      vertex -34.6731 -28.6841 6
    endloop
  endfacet
  facet normal -0.891005 -0.453993 0
    outer loop
      vertex -39.4338 -21.6789 0
      vertex -40.7172 -19.1601 6
      vertex -40.7172 -19.1601 0
    endloop
  endfacet
  facet normal -0.891005 -0.453993 0
    outer loop
      vertex -40.7172 -19.1601 6
      vertex -39.4338 -21.6789 0
      vertex -39.4338 -21.6789 6
    endloop
  endfacet
  facet normal 0.0940939 -0.995563 0
    outer loop
      vertex 2.82557 -44.9112 0
      vertex 5.63999 -44.6452 6
      vertex 2.82557 -44.9112 6
    endloop
  endfacet
  facet normal 0.0940939 -0.995563 0
    outer loop
      vertex 5.63999 -44.6452 6
      vertex 2.82557 -44.9112 0
      vertex 5.63999 -44.6452 0
    endloop
  endfacet
  facet normal 0.661317 0.750106 -0
    outer loop
      vertex 30.8046 32.8036 0
      vertex 28.6841 34.6731 6
      vertex 30.8046 32.8036 6
    endloop
  endfacet
  facet normal 0.661317 0.750106 0
    outer loop
      vertex 28.6841 34.6731 6
      vertex 30.8046 32.8036 0
      vertex 28.6841 34.6731 0
    endloop
  endfacet
  facet normal 0.56209 0.827076 -0
    outer loop
      vertex 26.4503 36.4058 0
      vertex 24.1122 37.9948 6
      vertex 26.4503 36.4058 6
    endloop
  endfacet
  facet normal 0.56209 0.827076 0
    outer loop
      vertex 24.1122 37.9948 6
      vertex 26.4503 36.4058 0
      vertex 24.1122 37.9948 0
    endloop
  endfacet
  facet normal 0.827076 0.56209 0
    outer loop
      vertex 37.9948 24.1122 6
      vertex 36.4058 26.4503 0
      vertex 36.4058 26.4503 6
    endloop
  endfacet
  facet normal 0.827076 0.56209 0
    outer loop
      vertex 36.4058 26.4503 0
      vertex 37.9948 24.1122 6
      vertex 37.9948 24.1122 0
    endloop
  endfacet
  facet normal 0.999507 -0.0314118 0
    outer loop
      vertex 44.9112 -2.82557 6
      vertex 45 0 0
      vertex 45 0 6
    endloop
  endfacet
  facet normal 0.999507 -0.0314118 0
    outer loop
      vertex 45 0 0
      vertex 44.9112 -2.82557 6
      vertex 44.9112 -2.82557 0
    endloop
  endfacet
  facet normal -0.509028 -0.86075 0
    outer loop
      vertex -24.1122 -37.9948 0
      vertex -21.6789 -39.4338 6
      vertex -24.1122 -37.9948 6
    endloop
  endfacet
  facet normal -0.509028 -0.86075 -0
    outer loop
      vertex -21.6789 -39.4338 6
      vertex -24.1122 -37.9948 0
      vertex -21.6789 -39.4338 0
    endloop
  endfacet
  facet normal 0.707107 0.707107 0
    outer loop
      vertex 32.8036 30.8046 6
      vertex 30.8046 32.8036 0
      vertex 30.8046 32.8036 6
    endloop
  endfacet
  facet normal 0.707107 0.707107 0
    outer loop
      vertex 30.8046 32.8036 0
      vertex 32.8036 30.8046 6
      vertex 32.8036 30.8046 0
    endloop
  endfacet
  facet normal -0.960296 -0.278984 0
    outer loop
      vertex -42.7975 -13.9058 0
      vertex -43.5862 -11.191 6
      vertex -43.5862 -11.191 0
    endloop
  endfacet
  facet normal -0.960296 -0.278984 0
    outer loop
      vertex -43.5862 -11.191 6
      vertex -42.7975 -13.9058 0
      vertex -42.7975 -13.9058 6
    endloop
  endfacet
  facet normal -0.790157 0.612904 0
    outer loop
      vertex -36.4058 26.4503 0
      vertex -34.6731 28.6841 6
      vertex -34.6731 28.6841 0
    endloop
  endfacet
  facet normal -0.790157 0.612904 0
    outer loop
      vertex -34.6731 28.6841 6
      vertex -36.4058 26.4503 0
      vertex -36.4058 26.4503 6
    endloop
  endfacet
  facet normal -0.218152 -0.975915 0
    outer loop
      vertex -11.191 -43.5862 0
      vertex -8.43216 -44.2029 6
      vertex -11.191 -43.5862 6
    endloop
  endfacet
  facet normal -0.218152 -0.975915 -0
    outer loop
      vertex -8.43216 -44.2029 6
      vertex -11.191 -43.5862 0
      vertex -8.43216 -44.2029 0
    endloop
  endfacet
  facet normal -0.453993 0.891005 0
    outer loop
      vertex -19.1601 40.7172 0
      vertex -21.6789 39.4338 6
      vertex -19.1601 40.7172 6
    endloop
  endfacet
  facet normal -0.453993 0.891005 0
    outer loop
      vertex -21.6789 39.4338 6
      vertex -19.1601 40.7172 0
      vertex -21.6789 39.4338 0
    endloop
  endfacet
  facet normal 0.790157 -0.612904 0
    outer loop
      vertex 34.6731 -28.6841 6
      vertex 36.4058 -26.4503 0
      vertex 36.4058 -26.4503 6
    endloop
  endfacet
  facet normal 0.790157 -0.612904 0
    outer loop
      vertex 36.4058 -26.4503 0
      vertex 34.6731 -28.6841 6
      vertex 34.6731 -28.6841 0
    endloop
  endfacet
  facet normal -0.56209 -0.827076 0
    outer loop
      vertex -26.4503 -36.4058 0
      vertex -24.1122 -37.9948 6
      vertex -26.4503 -36.4058 6
    endloop
  endfacet
  facet normal -0.56209 -0.827076 -0
    outer loop
      vertex -24.1122 -37.9948 6
      vertex -26.4503 -36.4058 0
      vertex -24.1122 -37.9948 0
    endloop
  endfacet
  facet normal 0.156456 -0.987685 0
    outer loop
      vertex 5.63999 -44.6452 0
      vertex 8.43216 -44.2029 6
      vertex 5.63999 -44.6452 6
    endloop
  endfacet
  facet normal 0.156456 -0.987685 0
    outer loop
      vertex 8.43216 -44.2029 6
      vertex 5.63999 -44.6452 0
      vertex 8.43216 -44.2029 0
    endloop
  endfacet
  facet normal 0.940879 0.338742 0
    outer loop
      vertex 42.7975 13.9058 6
      vertex 41.8399 16.5656 0
      vertex 41.8399 16.5656 6
    endloop
  endfacet
  facet normal 0.940879 0.338742 0
    outer loop
      vertex 41.8399 16.5656 0
      vertex 42.7975 13.9058 6
      vertex 42.7975 13.9058 0
    endloop
  endfacet
  facet normal -0.86075 0.509028 0
    outer loop
      vertex -39.4338 21.6789 0
      vertex -37.9948 24.1122 6
      vertex -37.9948 24.1122 0
    endloop
  endfacet
  facet normal -0.86075 0.509028 0
    outer loop
      vertex -37.9948 24.1122 6
      vertex -39.4338 21.6789 0
      vertex -39.4338 21.6789 6
    endloop
  endfacet
  facet normal -0.750106 -0.661317 0
    outer loop
      vertex -32.8036 -30.8046 0
      vertex -34.6731 -28.6841 6
      vertex -34.6731 -28.6841 0
    endloop
  endfacet
  facet normal -0.750106 -0.661317 0
    outer loop
      vertex -34.6731 -28.6841 6
      vertex -32.8036 -30.8046 0
      vertex -32.8036 -30.8046 6
    endloop
  endfacet
  facet normal -0.509028 0.86075 0
    outer loop
      vertex -21.6789 39.4338 0
      vertex -24.1122 37.9948 6
      vertex -21.6789 39.4338 6
    endloop
  endfacet
  facet normal -0.509028 0.86075 0
    outer loop
      vertex -24.1122 37.9948 6
      vertex -21.6789 39.4338 0
      vertex -24.1122 37.9948 0
    endloop
  endfacet
  facet normal 0.750106 -0.661317 0
    outer loop
      vertex 32.8036 -30.8046 6
      vertex 34.6731 -28.6841 0
      vertex 34.6731 -28.6841 6
    endloop
  endfacet
  facet normal 0.750106 -0.661317 0
    outer loop
      vertex 34.6731 -28.6841 0
      vertex 32.8036 -30.8046 6
      vertex 32.8036 -30.8046 0
    endloop
  endfacet
  facet normal -0.999507 -0.0314118 0
    outer loop
      vertex -44.9112 -2.82557 0
      vertex -45 0 6
      vertex -45 0 0
    endloop
  endfacet
  facet normal -0.999507 -0.0314118 0
    outer loop
      vertex -45 0 6
      vertex -44.9112 -2.82557 0
      vertex -44.9112 -2.82557 6
    endloop
  endfacet
  facet normal -0.975915 -0.218152 0
    outer loop
      vertex -43.5862 -11.191 0
      vertex -44.2029 -8.43216 6
      vertex -44.2029 -8.43216 0
    endloop
  endfacet
  facet normal -0.975915 -0.218152 0
    outer loop
      vertex -44.2029 -8.43216 6
      vertex -43.5862 -11.191 0
      vertex -43.5862 -11.191 6
    endloop
  endfacet
  facet normal 0.827076 -0.56209 0
    outer loop
      vertex 36.4058 -26.4503 6
      vertex 37.9948 -24.1122 0
      vertex 37.9948 -24.1122 6
    endloop
  endfacet
  facet normal 0.827076 -0.56209 0
    outer loop
      vertex 37.9948 -24.1122 0
      vertex 36.4058 -26.4503 6
      vertex 36.4058 -26.4503 0
    endloop
  endfacet
  facet normal 0.91776 0.397136 0
    outer loop
      vertex 41.8399 16.5656 6
      vertex 40.7172 19.1601 0
      vertex 40.7172 19.1601 6
    endloop
  endfacet
  facet normal 0.91776 0.397136 0
    outer loop
      vertex 40.7172 19.1601 0
      vertex 41.8399 16.5656 6
      vertex 41.8399 16.5656 0
    endloop
  endfacet
  facet normal 0.397136 0.91776 -0
    outer loop
      vertex 19.1601 40.7172 0
      vertex 16.5656 41.8399 6
      vertex 19.1601 40.7172 6
    endloop
  endfacet
  facet normal 0.397136 0.91776 0
    outer loop
      vertex 16.5656 41.8399 6
      vertex 19.1601 40.7172 0
      vertex 16.5656 41.8399 0
    endloop
  endfacet
  facet normal 0.0314118 0.999507 -0
    outer loop
      vertex 2.82557 44.9112 0
      vertex 0 45 6
      vertex 2.82557 44.9112 6
    endloop
  endfacet
  facet normal 0.0314118 0.999507 0
    outer loop
      vertex 0 45 6
      vertex 2.82557 44.9112 0
      vertex 0 45 0
    endloop
  endfacet
  facet normal 0.338742 -0.940879 0
    outer loop
      vertex 13.9058 -42.7975 0
      vertex 16.5656 -41.8399 6
      vertex 13.9058 -42.7975 6
    endloop
  endfacet
  facet normal 0.338742 -0.940879 0
    outer loop
      vertex 16.5656 -41.8399 6
      vertex 13.9058 -42.7975 0
      vertex 16.5656 -41.8399 0
    endloop
  endfacet
  facet normal 0.975915 -0.218152 0
    outer loop
      vertex 43.5862 -11.191 6
      vertex 44.2029 -8.43216 0
      vertex 44.2029 -8.43216 6
    endloop
  endfacet
  facet normal 0.975915 -0.218152 0
    outer loop
      vertex 44.2029 -8.43216 0
      vertex 43.5862 -11.191 6
      vertex 43.5862 -11.191 0
    endloop
  endfacet
  facet normal 0.891005 -0.453993 0
    outer loop
      vertex 39.4338 -21.6789 6
      vertex 40.7172 -19.1601 0
      vertex 40.7172 -19.1601 6
    endloop
  endfacet
  facet normal 0.891005 -0.453993 0
    outer loop
      vertex 40.7172 -19.1601 0
      vertex 39.4338 -21.6789 6
      vertex 39.4338 -21.6789 0
    endloop
  endfacet
  facet normal 0.750106 0.661317 0
    outer loop
      vertex 34.6731 28.6841 6
      vertex 32.8036 30.8046 0
      vertex 32.8036 30.8046 6
    endloop
  endfacet
  facet normal 0.750106 0.661317 0
    outer loop
      vertex 32.8036 30.8046 0
      vertex 34.6731 28.6841 6
      vertex 34.6731 28.6841 0
    endloop
  endfacet
  facet normal 0.612904 0.790157 -0
    outer loop
      vertex 28.6841 34.6731 0
      vertex 26.4503 36.4058 6
      vertex 28.6841 34.6731 6
    endloop
  endfacet
  facet normal 0.612904 0.790157 0
    outer loop
      vertex 26.4503 36.4058 6
      vertex 28.6841 34.6731 0
      vertex 26.4503 36.4058 0
    endloop
  endfacet
  facet normal 0.995563 -0.0940939 0
    outer loop
      vertex 44.6452 -5.63999 6
      vertex 44.9112 -2.82557 0
      vertex 44.9112 -2.82557 6
    endloop
  endfacet
  facet normal 0.995563 -0.0940939 0
    outer loop
      vertex 44.9112 -2.82557 0
      vertex 44.6452 -5.63999 6
      vertex 44.6452 -5.63999 0
    endloop
  endfacet
  facet normal 0.453993 0.891005 -0
    outer loop
      vertex 21.6789 39.4338 0
      vertex 19.1601 40.7172 6
      vertex 21.6789 39.4338 6
    endloop
  endfacet
  facet normal 0.453993 0.891005 0
    outer loop
      vertex 19.1601 40.7172 6
      vertex 21.6789 39.4338 0
      vertex 19.1601 40.7172 0
    endloop
  endfacet
  facet normal -0.940879 -0.338742 0
    outer loop
      vertex -41.8399 -16.5656 0
      vertex -42.7975 -13.9058 6
      vertex -42.7975 -13.9058 0
    endloop
  endfacet
  facet normal -0.940879 -0.338742 0
    outer loop
      vertex -42.7975 -13.9058 6
      vertex -41.8399 -16.5656 0
      vertex -41.8399 -16.5656 6
    endloop
  endfacet
  facet normal 0.218152 -0.975915 0
    outer loop
      vertex 8.43216 -44.2029 0
      vertex 11.191 -43.5862 6
      vertex 8.43216 -44.2029 6
    endloop
  endfacet
  facet normal 0.218152 -0.975915 0
    outer loop
      vertex 11.191 -43.5862 6
      vertex 8.43216 -44.2029 0
      vertex 11.191 -43.5862 0
    endloop
  endfacet
  facet normal 0.0940939 0.995563 -0
    outer loop
      vertex 5.63999 44.6452 0
      vertex 2.82557 44.9112 6
      vertex 5.63999 44.6452 6
    endloop
  endfacet
  facet normal 0.0940939 0.995563 0
    outer loop
      vertex 2.82557 44.9112 6
      vertex 5.63999 44.6452 0
      vertex 2.82557 44.9112 0
    endloop
  endfacet
  facet normal -0.999507 0.0314118 0
    outer loop
      vertex -45 0 0
      vertex -44.9112 2.82557 6
      vertex -44.9112 2.82557 0
    endloop
  endfacet
  facet normal -0.999507 0.0314118 0
    outer loop
      vertex -44.9112 2.82557 6
      vertex -45 0 0
      vertex -45 0 6
    endloop
  endfacet
  facet normal -0.86075 -0.509028 0
    outer loop
      vertex -37.9948 -24.1122 0
      vertex -39.4338 -21.6789 6
      vertex -39.4338 -21.6789 0
    endloop
  endfacet
  facet normal -0.86075 -0.509028 0
    outer loop
      vertex -39.4338 -21.6789 6
      vertex -37.9948 -24.1122 0
      vertex -37.9948 -24.1122 6
    endloop
  endfacet
  facet normal -0.397136 -0.91776 0
    outer loop
      vertex -19.1601 -40.7172 0
      vertex -16.5656 -41.8399 6
      vertex -19.1601 -40.7172 6
    endloop
  endfacet
  facet normal -0.397136 -0.91776 -0
    outer loop
      vertex -16.5656 -41.8399 6
      vertex -19.1601 -40.7172 0
      vertex -16.5656 -41.8399 0
    endloop
  endfacet
  facet normal -0.338742 -0.940879 0
    outer loop
      vertex -16.5656 -41.8399 0
      vertex -13.9058 -42.7975 6
      vertex -16.5656 -41.8399 6
    endloop
  endfacet
  facet normal -0.338742 -0.940879 -0
    outer loop
      vertex -13.9058 -42.7975 6
      vertex -16.5656 -41.8399 0
      vertex -13.9058 -42.7975 0
    endloop
  endfacet
  facet normal -0.995563 -0.0940939 0
    outer loop
      vertex -44.6452 -5.63999 0
      vertex -44.9112 -2.82557 6
      vertex -44.9112 -2.82557 0
    endloop
  endfacet
  facet normal -0.995563 -0.0940939 0
    outer loop
      vertex -44.9112 -2.82557 6
      vertex -44.6452 -5.63999 0
      vertex -44.6452 -5.63999 6
    endloop
  endfacet
  facet normal -0.56209 0.827076 0
    outer loop
      vertex -24.1122 37.9948 0
      vertex -26.4503 36.4058 6
      vertex -24.1122 37.9948 6
    endloop
  endfacet
  facet normal -0.56209 0.827076 0
    outer loop
      vertex -26.4503 36.4058 6
      vertex -24.1122 37.9948 0
      vertex -26.4503 36.4058 0
    endloop
  endfacet
  facet normal -0.661317 -0.750106 0
    outer loop
      vertex -30.8046 -32.8036 0
      vertex -28.6841 -34.6731 6
      vertex -30.8046 -32.8036 6
    endloop
  endfacet
  facet normal -0.661317 -0.750106 -0
    outer loop
      vertex -28.6841 -34.6731 6
      vertex -30.8046 -32.8036 0
      vertex -28.6841 -34.6731 0
    endloop
  endfacet
  facet normal 0.86075 -0.509028 0
    outer loop
      vertex 37.9948 -24.1122 6
      vertex 39.4338 -21.6789 0
      vertex 39.4338 -21.6789 6
    endloop
  endfacet
  facet normal 0.86075 -0.509028 0
    outer loop
      vertex 39.4338 -21.6789 0
      vertex 37.9948 -24.1122 6
      vertex 37.9948 -24.1122 0
    endloop
  endfacet
  facet normal -0.91776 -0.397136 0
    outer loop
      vertex -40.7172 -19.1601 0
      vertex -41.8399 -16.5656 6
      vertex -41.8399 -16.5656 0
    endloop
  endfacet
  facet normal -0.91776 -0.397136 0
    outer loop
      vertex -41.8399 -16.5656 6
      vertex -40.7172 -19.1601 0
      vertex -40.7172 -19.1601 6
    endloop
  endfacet
  facet normal -0.278984 -0.960296 0
    outer loop
      vertex -13.9058 -42.7975 0
      vertex -11.191 -43.5862 6
      vertex -13.9058 -42.7975 6
    endloop
  endfacet
  facet normal -0.278984 -0.960296 -0
    outer loop
      vertex -11.191 -43.5862 6
      vertex -13.9058 -42.7975 0
      vertex -11.191 -43.5862 0
    endloop
  endfacet
  facet normal 0.509028 -0.86075 0
    outer loop
      vertex 21.6789 -39.4338 0
      vertex 24.1122 -37.9948 6
      vertex 21.6789 -39.4338 6
    endloop
  endfacet
  facet normal 0.509028 -0.86075 0
    outer loop
      vertex 24.1122 -37.9948 6
      vertex 21.6789 -39.4338 0
      vertex 24.1122 -37.9948 0
    endloop
  endfacet
  facet normal 0.612904 -0.790157 0
    outer loop
      vertex 26.4503 -36.4058 0
      vertex 28.6841 -34.6731 6
      vertex 26.4503 -36.4058 6
    endloop
  endfacet
  facet normal 0.612904 -0.790157 0
    outer loop
      vertex 28.6841 -34.6731 6
      vertex 26.4503 -36.4058 0
      vertex 28.6841 -34.6731 0
    endloop
  endfacet
  facet normal 0.278984 0.960296 -0
    outer loop
      vertex 13.9058 42.7975 0
      vertex 11.191 43.5862 6
      vertex 13.9058 42.7975 6
    endloop
  endfacet
  facet normal 0.278984 0.960296 0
    outer loop
      vertex 11.191 43.5862 6
      vertex 13.9058 42.7975 0
      vertex 11.191 43.5862 0
    endloop
  endfacet
  facet normal -0.707107 0.707107 0
    outer loop
      vertex -32.8036 30.8046 0
      vertex -30.8046 32.8036 6
      vertex -30.8046 32.8036 0
    endloop
  endfacet
  facet normal -0.707107 0.707107 0
    outer loop
      vertex -30.8046 32.8036 6
      vertex -32.8036 30.8046 0
      vertex -32.8036 30.8046 6
    endloop
  endfacet
  facet normal -0.750106 0.661317 0
    outer loop
      vertex -34.6731 28.6841 0
      vertex -32.8036 30.8046 6
      vertex -32.8036 30.8046 0
    endloop
  endfacet
  facet normal -0.750106 0.661317 0
    outer loop
      vertex -32.8036 30.8046 6
      vertex -34.6731 28.6841 0
      vertex -34.6731 28.6841 6
    endloop
  endfacet
  facet normal 0.661317 -0.750106 0
    outer loop
      vertex 28.6841 -34.6731 0
      vertex 30.8046 -32.8036 6
      vertex 28.6841 -34.6731 6
    endloop
  endfacet
  facet normal 0.661317 -0.750106 0
    outer loop
      vertex 30.8046 -32.8036 6
      vertex 28.6841 -34.6731 0
      vertex 30.8046 -32.8036 0
    endloop
  endfacet
  facet normal -0.0940939 -0.995563 0
    outer loop
      vertex -5.63999 -44.6452 0
      vertex -2.82557 -44.9112 6
      vertex -5.63999 -44.6452 6
    endloop
  endfacet
  facet normal -0.0940939 -0.995563 -0
    outer loop
      vertex -2.82557 -44.9112 6
      vertex -5.63999 -44.6452 0
      vertex -2.82557 -44.9112 0
    endloop
  endfacet
  facet normal 0.91776 -0.397136 0
    outer loop
      vertex 40.7172 -19.1601 6
      vertex 41.8399 -16.5656 0
      vertex 41.8399 -16.5656 6
    endloop
  endfacet
  facet normal 0.91776 -0.397136 0
    outer loop
      vertex 41.8399 -16.5656 0
      vertex 40.7172 -19.1601 6
      vertex 40.7172 -19.1601 0
    endloop
  endfacet
  facet normal 0.940879 -0.338742 0
    outer loop
      vertex 41.8399 -16.5656 6
      vertex 42.7975 -13.9058 0
      vertex 42.7975 -13.9058 6
    endloop
  endfacet
  facet normal 0.940879 -0.338742 0
    outer loop
      vertex 42.7975 -13.9058 0
      vertex 41.8399 -16.5656 6
      vertex 41.8399 -16.5656 0
    endloop
  endfacet
  facet normal 0 0 1
    outer loop
      vertex 41 0 6
      vertex 45 0 6
      vertex 44.9112 2.82557 6
    endloop
  endfacet
  facet normal 0 0 1
    outer loop
      vertex 40.9191 2.57441 6
      vertex 44.9112 2.82557 6
      vertex 44.6452 5.63999 6
    endloop
  endfacet
  facet normal 0 0 1
    outer loop
      vertex 45 0 6
      vertex 41 0 6
      vertex 44.9112 -2.82557 6
    endloop
  endfacet
  facet normal 0 0 1
    outer loop
      vertex 40.6767 5.13866 6
      vertex 44.6452 5.63999 6
      vertex 44.2029 8.43216 6
    endloop
  endfacet
  facet normal -0 0 1
    outer loop
      vertex 40.9191 -2.57441 6
      vertex 44.9112 -2.82557 6
      vertex 41 0 6
    endloop
  endfacet
  facet normal 0 0 1
    outer loop
      vertex 40.2738 7.68263 6
      vertex 44.2029 8.43216 6
      vertex 43.5862 11.191 6
    endloop
  endfacet
  facet normal 0 0 1
    outer loop
      vertex 44.9112 -2.82557 6
      vertex 40.9191 -2.57441 6
      vertex 44.6452 -5.63999 6
    endloop
  endfacet
  facet normal 0 0 1
    outer loop
      vertex 39.7119 10.1963 6
      vertex 43.5862 11.191 6
      vertex 42.7975 13.9058 6
    endloop
  endfacet
  facet normal -0 0 1
    outer loop
      vertex 40.6767 -5.13866 6
      vertex 44.6452 -5.63999 6
      vertex 40.9191 -2.57441 6
    endloop
  endfacet
  facet normal 0 0 1
    outer loop
      vertex 38.9933 12.6697 6
      vertex 42.7975 13.9058 6
      vertex 41.8399 16.5656 6
    endloop
  endfacet
  facet normal 0 0 1
    outer loop
      vertex 44.6452 -5.63999 6
      vertex 40.6767 -5.13866 6
      vertex 44.2029 -8.43216 6
    endloop
  endfacet
  facet normal -0 0 1
    outer loop
      vertex 40.2738 -7.68263 6
      vertex 44.2029 -8.43216 6
      vertex 40.6767 -5.13866 6
    endloop
  endfacet
  facet normal 0 0 1
    outer loop
      vertex 44.9112 2.82557 6
      vertex 40.9191 2.57441 6
      vertex 41 0 6
    endloop
  endfacet
  facet normal 0 0 1
    outer loop
      vertex 38.1208 15.0931 6
      vertex 41.8399 16.5656 6
      vertex 40.7172 19.1601 6
    endloop
  endfacet
  facet normal 0 0 1
    outer loop
      vertex 44.6452 5.63999 6
      vertex 40.6767 5.13866 6
      vertex 40.9191 2.57441 6
    endloop
  endfacet
  facet normal 0 0 1
    outer loop
      vertex 44.2029 8.43216 6
      vertex 40.2738 7.68263 6
      vertex 40.6767 5.13866 6
    endloop
  endfacet
  facet normal 0 0 1
    outer loop
      vertex 43.5862 11.191 6
      vertex 39.7119 10.1963 6
      vertex 40.2738 7.68263 6
    endloop
  endfacet
  facet normal 0 0 1
    outer loop
      vertex 37.0979 17.457 6
      vertex 40.7172 19.1601 6
      vertex 39.4338 21.6789 6
    endloop
  endfacet
  facet normal 0 0 1
    outer loop
      vertex 42.7975 13.9058 6
      vertex 38.9933 12.6697 6
      vertex 39.7119 10.1963 6
    endloop
  endfacet
  facet normal 0 0 1
    outer loop
      vertex 41.8399 16.5656 6
      vertex 38.1208 15.0931 6
      vertex 38.9933 12.6697 6
    endloop
  endfacet
  facet normal 0 0 1
    outer loop
      vertex 35.9286 19.7519 6
      vertex 39.4338 21.6789 6
      vertex 37.9948 24.1122 6
    endloop
  endfacet
  facet normal 0 0 1
    outer loop
      vertex 40.7172 19.1601 6
      vertex 37.0979 17.457 6
      vertex 38.1208 15.0931 6
    endloop
  endfacet
  facet normal 0 0 1
    outer loop
      vertex 34.6174 21.9689 6
      vertex 37.9948 24.1122 6
      vertex 36.4058 26.4503 6
    endloop
  endfacet
  facet normal 0 0 1
    outer loop
      vertex 39.4338 21.6789 6
      vertex 35.9286 19.7519 6
      vertex 37.0979 17.457 6
    endloop
  endfacet
  facet normal 0 0 1
    outer loop
      vertex 33.1697 24.0992 6
      vertex 36.4058 26.4503 6
      vertex 34.6731 28.6841 6
    endloop
  endfacet
  facet normal 0 0 1
    outer loop
      vertex 37.9948 24.1122 6
      vertex 34.6174 21.9689 6
      vertex 35.9286 19.7519 6
    endloop
  endfacet
  facet normal 0 0 1
    outer loop
      vertex 36.4058 26.4503 6
      vertex 33.1697 24.0992 6
      vertex 34.6174 21.9689 6
    endloop
  endfacet
  facet normal 0 0 1
    outer loop
      vertex 31.591 26.1344 6
      vertex 34.6731 28.6841 6
      vertex 32.8036 30.8046 6
    endloop
  endfacet
  facet normal 0 0 1
    outer loop
      vertex 34.6731 28.6841 6
      vertex 31.591 26.1344 6
      vertex 33.1697 24.0992 6
    endloop
  endfacet
  facet normal 0 0 1
    outer loop
      vertex 29.8877 28.0664 6
      vertex 32.8036 30.8046 6
      vertex 30.8046 32.8036 6
    endloop
  endfacet
  facet normal 0 0 1
    outer loop
      vertex 32.8036 30.8046 6
      vertex 29.8877 28.0664 6
      vertex 31.591 26.1344 6
    endloop
  endfacet
  facet normal 0 0 1
    outer loop
      vertex 28.0664 29.8877 6
      vertex 30.8046 32.8036 6
      vertex 28.6841 34.6731 6
    endloop
  endfacet
  facet normal 0 0 1
    outer loop
      vertex 30.8046 32.8036 6
      vertex 28.0664 29.8877 6
      vertex 29.8877 28.0664 6
    endloop
  endfacet
  facet normal 0 0 1
    outer loop
      vertex 26.1344 31.591 6
      vertex 28.6841 34.6731 6
      vertex 26.4503 36.4058 6
    endloop
  endfacet
  facet normal 0 0 1
    outer loop
      vertex 28.6841 34.6731 6
      vertex 26.1344 31.591 6
      vertex 28.0664 29.8877 6
    endloop
  endfacet
  facet normal 0 0 1
    outer loop
      vertex 24.0992 33.1697 6
      vertex 26.4503 36.4058 6
      vertex 24.1122 37.9948 6
    endloop
  endfacet
  facet normal 0 0 1
    outer loop
      vertex 26.4503 36.4058 6
      vertex 24.0992 33.1697 6
      vertex 26.1344 31.591 6
    endloop
  endfacet
  facet normal 0 0 1
    outer loop
      vertex 24.1122 37.9948 6
      vertex 21.9689 34.6174 6
      vertex 24.0992 33.1697 6
    endloop
  endfacet
  facet normal 0 0 1
    outer loop
      vertex 21.6789 39.4338 6
      vertex 21.9689 34.6174 6
      vertex 24.1122 37.9948 6
    endloop
  endfacet
  facet normal 0 0 1
    outer loop
      vertex 21.6789 39.4338 6
      vertex 19.7519 35.9286 6
      vertex 21.9689 34.6174 6
    endloop
  endfacet
  facet normal 0 0 1
    outer loop
      vertex 19.1601 40.7172 6
      vertex 19.7519 35.9286 6
      vertex 21.6789 39.4338 6
    endloop
  endfacet
  facet normal 0 0 1
    outer loop
      vertex 19.1601 40.7172 6
      vertex 17.457 37.0979 6
      vertex 19.7519 35.9286 6
    endloop
  endfacet
  facet normal 0 0 1
    outer loop
      vertex 16.5656 41.8399 6
      vertex 17.457 37.0979 6
      vertex 19.1601 40.7172 6
    endloop
  endfacet
  facet normal 0 0 1
    outer loop
      vertex 16.5656 41.8399 6
      vertex 15.0931 38.1208 6
      vertex 17.457 37.0979 6
    endloop
  endfacet
  facet normal 0 0 1
    outer loop
      vertex 13.9058 42.7975 6
      vertex 15.0931 38.1208 6
      vertex 16.5656 41.8399 6
    endloop
  endfacet
  facet normal 0 0 1
    outer loop
      vertex 13.9058 42.7975 6
      vertex 12.6697 38.9933 6
      vertex 15.0931 38.1208 6
    endloop
  endfacet
  facet normal 0 0 1
    outer loop
      vertex 11.191 43.5862 6
      vertex 12.6697 38.9933 6
      vertex 13.9058 42.7975 6
    endloop
  endfacet
  facet normal 0 0 1
    outer loop
      vertex 11.191 43.5862 6
      vertex 10.1963 39.7119 6
      vertex 12.6697 38.9933 6
    endloop
  endfacet
  facet normal 0 0 1
    outer loop
      vertex 8.43216 44.2029 6
      vertex 10.1963 39.7119 6
      vertex 11.191 43.5862 6
    endloop
  endfacet
  facet normal 0 0 1
    outer loop
      vertex 8.43216 44.2029 6
      vertex 7.68263 40.2738 6
      vertex 10.1963 39.7119 6
    endloop
  endfacet
  facet normal 0 0 1
    outer loop
      vertex 5.63999 44.6452 6
      vertex 7.68263 40.2738 6
      vertex 8.43216 44.2029 6
    endloop
  endfacet
  facet normal 0 0 1
    outer loop
      vertex 5.63999 44.6452 6
      vertex 5.13866 40.6767 6
      vertex 7.68263 40.2738 6
    endloop
  endfacet
  facet normal 0 0 1
    outer loop
      vertex 2.82557 44.9112 6
      vertex 5.13866 40.6767 6
      vertex 5.63999 44.6452 6
    endloop
  endfacet
  facet normal 0 0 1
    outer loop
      vertex 2.82557 44.9112 6
      vertex 2.57441 40.9191 6
      vertex 5.13866 40.6767 6
    endloop
  endfacet
  facet normal 0 0 1
    outer loop
      vertex 0 45 6
      vertex 2.57441 40.9191 6
      vertex 2.82557 44.9112 6
    endloop
  endfacet
  facet normal 0 0 1
    outer loop
      vertex 0 45 6
      vertex 0 41 6
      vertex 2.57441 40.9191 6
    endloop
  endfacet
  facet normal 0 0 1
    outer loop
      vertex 0 45 6
      vertex -2.57441 40.9191 6
      vertex 0 41 6
    endloop
  endfacet
  facet normal -0 0 1
    outer loop
      vertex -2.82557 44.9112 6
      vertex -2.57441 40.9191 6
      vertex 0 45 6
    endloop
  endfacet
  facet normal 0 0 1
    outer loop
      vertex -2.82557 44.9112 6
      vertex -5.13866 40.6767 6
      vertex -2.57441 40.9191 6
    endloop
  endfacet
  facet normal -0 0 1
    outer loop
      vertex -5.63999 44.6452 6
      vertex -5.13866 40.6767 6
      vertex -2.82557 44.9112 6
    endloop
  endfacet
  facet normal 0 0 1
    outer loop
      vertex -5.63999 44.6452 6
      vertex -7.68263 40.2738 6
      vertex -5.13866 40.6767 6
    endloop
  endfacet
  facet normal -0 0 1
    outer loop
      vertex -8.43216 44.2029 6
      vertex -7.68263 40.2738 6
      vertex -5.63999 44.6452 6
    endloop
  endfacet
  facet normal 0 0 1
    outer loop
      vertex -8.43216 44.2029 6
      vertex -10.1963 39.7119 6
      vertex -7.68263 40.2738 6
    endloop
  endfacet
  facet normal -0 0 1
    outer loop
      vertex -11.191 43.5862 6
      vertex -10.1963 39.7119 6
      vertex -8.43216 44.2029 6
    endloop
  endfacet
  facet normal 0 0 1
    outer loop
      vertex -11.191 43.5862 6
      vertex -12.6697 38.9933 6
      vertex -10.1963 39.7119 6
    endloop
  endfacet
  facet normal -0 0 1
    outer loop
      vertex -13.9058 42.7975 6
      vertex -12.6697 38.9933 6
      vertex -11.191 43.5862 6
    endloop
  endfacet
  facet normal 0 0 1
    outer loop
      vertex -13.9058 42.7975 6
      vertex -15.0931 38.1208 6
      vertex -12.6697 38.9933 6
    endloop
  endfacet
  facet normal -0 0 1
    outer loop
      vertex -16.5656 41.8399 6
      vertex -15.0931 38.1208 6
      vertex -13.9058 42.7975 6
    endloop
  endfacet
  facet normal 0 0 1
    outer loop
      vertex -16.5656 41.8399 6
      vertex -17.457 37.0979 6
      vertex -15.0931 38.1208 6
    endloop
  endfacet
  facet normal -0 0 1
    outer loop
      vertex -19.1601 40.7172 6
      vertex -17.457 37.0979 6
      vertex -16.5656 41.8399 6
    endloop
  endfacet
  facet normal 0 0 1
    outer loop
      vertex -19.1601 40.7172 6
      vertex -19.7519 35.9286 6
      vertex -17.457 37.0979 6
    endloop
  endfacet
  facet normal -0 0 1
    outer loop
      vertex -21.6789 39.4338 6
      vertex -19.7519 35.9286 6
      vertex -19.1601 40.7172 6
    endloop
  endfacet
  facet normal 0 0 1
    outer loop
      vertex -21.6789 39.4338 6
      vertex -21.9689 34.6174 6
      vertex -19.7519 35.9286 6
    endloop
  endfacet
  facet normal -0 0 1
    outer loop
      vertex -24.1122 37.9948 6
      vertex -21.9689 34.6174 6
      vertex -21.6789 39.4338 6
    endloop
  endfacet
  facet normal 0 0 1
    outer loop
      vertex -21.9689 34.6174 6
      vertex -24.1122 37.9948 6
      vertex -24.0992 33.1697 6
    endloop
  endfacet
  facet normal -0 0 1
    outer loop
      vertex -26.4503 36.4058 6
      vertex -24.0992 33.1697 6
      vertex -24.1122 37.9948 6
    endloop
  endfacet
  facet normal 0 0 1
    outer loop
      vertex -24.0992 33.1697 6
      vertex -26.4503 36.4058 6
      vertex -26.1344 31.591 6
    endloop
  endfacet
  facet normal -0 0 1
    outer loop
      vertex -28.6841 34.6731 6
      vertex -26.1344 31.591 6
      vertex -26.4503 36.4058 6
    endloop
  endfacet
  facet normal 0 0 1
    outer loop
      vertex -26.1344 31.591 6
      vertex -28.6841 34.6731 6
      vertex -28.0664 29.8877 6
    endloop
  endfacet
  facet normal -0 0 1
    outer loop
      vertex -30.8046 32.8036 6
      vertex -28.0664 29.8877 6
      vertex -28.6841 34.6731 6
    endloop
  endfacet
  facet normal 0 0 1
    outer loop
      vertex -28.0664 29.8877 6
      vertex -30.8046 32.8036 6
      vertex -29.8877 28.0664 6
    endloop
  endfacet
  facet normal -0 0 1
    outer loop
      vertex -32.8036 30.8046 6
      vertex -29.8877 28.0664 6
      vertex -30.8046 32.8036 6
    endloop
  endfacet
  facet normal 0 0 1
    outer loop
      vertex -29.8877 28.0664 6
      vertex -32.8036 30.8046 6
      vertex -31.591 26.1344 6
    endloop
  endfacet
  facet normal -0 0 1
    outer loop
      vertex -34.6731 28.6841 6
      vertex -31.591 26.1344 6
      vertex -32.8036 30.8046 6
    endloop
  endfacet
  facet normal 0 0 1
    outer loop
      vertex -31.591 26.1344 6
      vertex -34.6731 28.6841 6
      vertex -33.1697 24.0992 6
    endloop
  endfacet
  facet normal -0 0 1
    outer loop
      vertex -36.4058 26.4503 6
      vertex -33.1697 24.0992 6
      vertex -34.6731 28.6841 6
    endloop
  endfacet
  facet normal 0 0 1
    outer loop
      vertex -33.1697 24.0992 6
      vertex -36.4058 26.4503 6
      vertex -34.6174 21.9689 6
    endloop
  endfacet
  facet normal -0 0 1
    outer loop
      vertex -37.9948 24.1122 6
      vertex -34.6174 21.9689 6
      vertex -36.4058 26.4503 6
    endloop
  endfacet
  facet normal 0 0 1
    outer loop
      vertex -34.6174 21.9689 6
      vertex -37.9948 24.1122 6
      vertex -35.9286 19.7519 6
    endloop
  endfacet
  facet normal -0 0 1
    outer loop
      vertex -39.4338 21.6789 6
      vertex -35.9286 19.7519 6
      vertex -37.9948 24.1122 6
    endloop
  endfacet
  facet normal 0 0 1
    outer loop
      vertex -35.9286 19.7519 6
      vertex -39.4338 21.6789 6
      vertex -37.0979 17.457 6
    endloop
  endfacet
  facet normal -0 0 1
    outer loop
      vertex -40.7172 19.1601 6
      vertex -37.0979 17.457 6
      vertex -39.4338 21.6789 6
    endloop
  endfacet
  facet normal 0 0 1
    outer loop
      vertex -37.0979 17.457 6
      vertex -40.7172 19.1601 6
      vertex -38.1208 15.0931 6
    endloop
  endfacet
  facet normal -0 0 1
    outer loop
      vertex -41.8399 16.5656 6
      vertex -38.1208 15.0931 6
      vertex -40.7172 19.1601 6
    endloop
  endfacet
  facet normal 0 0 1
    outer loop
      vertex -38.1208 15.0931 6
      vertex -41.8399 16.5656 6
      vertex -38.9933 12.6697 6
    endloop
  endfacet
  facet normal -0 0 1
    outer loop
      vertex -42.7975 13.9058 6
      vertex -38.9933 12.6697 6
      vertex -41.8399 16.5656 6
    endloop
  endfacet
  facet normal 0 0 1
    outer loop
      vertex -38.9933 12.6697 6
      vertex -42.7975 13.9058 6
      vertex -39.7119 10.1963 6
    endloop
  endfacet
  facet normal -0 0 1
    outer loop
      vertex -43.5862 11.191 6
      vertex -39.7119 10.1963 6
      vertex -42.7975 13.9058 6
    endloop
  endfacet
  facet normal 0 0 1
    outer loop
      vertex -39.7119 10.1963 6
      vertex -43.5862 11.191 6
      vertex -40.2738 7.68263 6
    endloop
  endfacet
  facet normal -0 0 1
    outer loop
      vertex -44.2029 8.43216 6
      vertex -40.2738 7.68263 6
      vertex -43.5862 11.191 6
    endloop
  endfacet
  facet normal 0 0 1
    outer loop
      vertex 44.2029 -8.43216 6
      vertex 40.2738 -7.68263 6
      vertex 43.5862 -11.191 6
    endloop
  endfacet
  facet normal -0 0 1
    outer loop
      vertex 39.7119 -10.1963 6
      vertex 43.5862 -11.191 6
      vertex 40.2738 -7.68263 6
    endloop
  endfacet
  facet normal 0 0 1
    outer loop
      vertex 43.5862 -11.191 6
      vertex 39.7119 -10.1963 6
      vertex 42.7975 -13.9058 6
    endloop
  endfacet
  facet normal -0 0 1
    outer loop
      vertex 38.9933 -12.6697 6
      vertex 42.7975 -13.9058 6
      vertex 39.7119 -10.1963 6
    endloop
  endfacet
  facet normal 0 0 1
    outer loop
      vertex 42.7975 -13.9058 6
      vertex 38.9933 -12.6697 6
      vertex 41.8399 -16.5656 6
    endloop
  endfacet
  facet normal -0 0 1
    outer loop
      vertex 38.1208 -15.0931 6
      vertex 41.8399 -16.5656 6
      vertex 38.9933 -12.6697 6
    endloop
  endfacet
  facet normal 0 0 1
    outer loop
      vertex 41.8399 -16.5656 6
      vertex 38.1208 -15.0931 6
      vertex 40.7172 -19.1601 6
    endloop
  endfacet
  facet normal -0 0 1
    outer loop
      vertex 37.0979 -17.457 6
      vertex 40.7172 -19.1601 6
      vertex 38.1208 -15.0931 6
    endloop
  endfacet
  facet normal 0 0 1
    outer loop
      vertex 40.7172 -19.1601 6
      vertex 37.0979 -17.457 6
      vertex 39.4338 -21.6789 6
    endloop
  endfacet
  facet normal -0 0 1
    outer loop
      vertex 35.9286 -19.7519 6
      vertex 39.4338 -21.6789 6
      vertex 37.0979 -17.457 6
    endloop
  endfacet
  facet normal 0 0 1
    outer loop
      vertex 39.4338 -21.6789 6
      vertex 35.9286 -19.7519 6
      vertex 37.9948 -24.1122 6
    endloop
  endfacet
  facet normal -0 0 1
    outer loop
      vertex 34.6174 -21.9689 6
      vertex 37.9948 -24.1122 6
      vertex 35.9286 -19.7519 6
    endloop
  endfacet
  facet normal 0 0 1
    outer loop
      vertex 37.9948 -24.1122 6
      vertex 34.6174 -21.9689 6
      vertex 36.4058 -26.4503 6
    endloop
  endfacet
  facet normal -0 0 1
    outer loop
      vertex 33.1697 -24.0992 6
      vertex 36.4058 -26.4503 6
      vertex 34.6174 -21.9689 6
    endloop
  endfacet
  facet normal 0 0 1
    outer loop
      vertex 36.4058 -26.4503 6
      vertex 33.1697 -24.0992 6
      vertex 34.6731 -28.6841 6
    endloop
  endfacet
  facet normal -0 0 1
    outer loop
      vertex 31.591 -26.1344 6
      vertex 34.6731 -28.6841 6
      vertex 33.1697 -24.0992 6
    endloop
  endfacet
  facet normal 0 0 1
    outer loop
      vertex 34.6731 -28.6841 6
      vertex 31.591 -26.1344 6
      vertex 32.8036 -30.8046 6
    endloop
  endfacet
  facet normal -0 0 1
    outer loop
      vertex 29.8877 -28.0664 6
      vertex 32.8036 -30.8046 6
      vertex 31.591 -26.1344 6
    endloop
  endfacet
  facet normal 0 0 1
    outer loop
      vertex 32.8036 -30.8046 6
      vertex 29.8877 -28.0664 6
      vertex 30.8046 -32.8036 6
    endloop
  endfacet
  facet normal -0 0 1
    outer loop
      vertex 28.0664 -29.8877 6
      vertex 30.8046 -32.8036 6
      vertex 29.8877 -28.0664 6
    endloop
  endfacet
  facet normal 0 0 1
    outer loop
      vertex 30.8046 -32.8036 6
      vertex 28.0664 -29.8877 6
      vertex 28.6841 -34.6731 6
    endloop
  endfacet
  facet normal -0 0 1
    outer loop
      vertex 26.1344 -31.591 6
      vertex 28.6841 -34.6731 6
      vertex 28.0664 -29.8877 6
    endloop
  endfacet
  facet normal 0 0 1
    outer loop
      vertex 28.6841 -34.6731 6
      vertex 26.1344 -31.591 6
      vertex 26.4503 -36.4058 6
    endloop
  endfacet
  facet normal -0 0 1
    outer loop
      vertex 24.0992 -33.1697 6
      vertex 26.4503 -36.4058 6
      vertex 26.1344 -31.591 6
    endloop
  endfacet
  facet normal 0 0 1
    outer loop
      vertex 26.4503 -36.4058 6
      vertex 24.0992 -33.1697 6
      vertex 24.1122 -37.9948 6
    endloop
  endfacet
  facet normal -0 0 1
    outer loop
      vertex 21.9689 -34.6174 6
      vertex 24.1122 -37.9948 6
      vertex 24.0992 -33.1697 6
    endloop
  endfacet
  facet normal 0 0 1
    outer loop
      vertex 21.9689 -34.6174 6
      vertex 21.6789 -39.4338 6
      vertex 24.1122 -37.9948 6
    endloop
  endfacet
  facet normal -0 0 1
    outer loop
      vertex 19.7519 -35.9286 6
      vertex 21.6789 -39.4338 6
      vertex 21.9689 -34.6174 6
    endloop
  endfacet
  facet normal 0 0 1
    outer loop
      vertex 19.7519 -35.9286 6
      vertex 19.1601 -40.7172 6
      vertex 21.6789 -39.4338 6
    endloop
  endfacet
  facet normal -0 0 1
    outer loop
      vertex 17.457 -37.0979 6
      vertex 19.1601 -40.7172 6
      vertex 19.7519 -35.9286 6
    endloop
  endfacet
  facet normal 0 0 1
    outer loop
      vertex 17.457 -37.0979 6
      vertex 16.5656 -41.8399 6
      vertex 19.1601 -40.7172 6
    endloop
  endfacet
  facet normal -0 0 1
    outer loop
      vertex 15.0931 -38.1208 6
      vertex 16.5656 -41.8399 6
      vertex 17.457 -37.0979 6
    endloop
  endfacet
  facet normal 0 0 1
    outer loop
      vertex 15.0931 -38.1208 6
      vertex 13.9058 -42.7975 6
      vertex 16.5656 -41.8399 6
    endloop
  endfacet
  facet normal -0 0 1
    outer loop
      vertex 12.6697 -38.9933 6
      vertex 13.9058 -42.7975 6
      vertex 15.0931 -38.1208 6
    endloop
  endfacet
  facet normal 0 0 1
    outer loop
      vertex 12.6697 -38.9933 6
      vertex 11.191 -43.5862 6
      vertex 13.9058 -42.7975 6
    endloop
  endfacet
  facet normal -0 0 1
    outer loop
      vertex 10.1963 -39.7119 6
      vertex 11.191 -43.5862 6
      vertex 12.6697 -38.9933 6
    endloop
  endfacet
  facet normal 0 0 1
    outer loop
      vertex 10.1963 -39.7119 6
      vertex 8.43216 -44.2029 6
      vertex 11.191 -43.5862 6
    endloop
  endfacet
  facet normal -0 0 1
    outer loop
      vertex 7.68263 -40.2738 6
      vertex 8.43216 -44.2029 6
      vertex 10.1963 -39.7119 6
    endloop
  endfacet
  facet normal 0 0 1
    outer loop
      vertex 7.68263 -40.2738 6
      vertex 5.63999 -44.6452 6
      vertex 8.43216 -44.2029 6
    endloop
  endfacet
  facet normal -0 0 1
    outer loop
      vertex 5.13866 -40.6767 6
      vertex 5.63999 -44.6452 6
      vertex 7.68263 -40.2738 6
    endloop
  endfacet
  facet normal 0 0 1
    outer loop
      vertex 5.13866 -40.6767 6
      vertex 2.82557 -44.9112 6
      vertex 5.63999 -44.6452 6
    endloop
  endfacet
  facet normal -0 0 1
    outer loop
      vertex 2.57441 -40.9191 6
      vertex 2.82557 -44.9112 6
      vertex 5.13866 -40.6767 6
    endloop
  endfacet
  facet normal -0 0 1
    outer loop
      vertex 0 -41 6
      vertex 2.82557 -44.9112 6
      vertex 2.57441 -40.9191 6
    endloop
  endfacet
  facet normal 0 0 1
    outer loop
      vertex 0 -41 6
      vertex 0 -45 6
      vertex 2.82557 -44.9112 6
    endloop
  endfacet
  facet normal 0 0 1
    outer loop
      vertex -2.57441 -40.9191 6
      vertex 0 -45 6
      vertex 0 -41 6
    endloop
  endfacet
  facet normal 0 0 1
    outer loop
      vertex -2.57441 -40.9191 6
      vertex -2.82557 -44.9112 6
      vertex 0 -45 6
    endloop
  endfacet
  facet normal 0 0 1
    outer loop
      vertex -5.13866 -40.6767 6
      vertex -2.82557 -44.9112 6
      vertex -2.57441 -40.9191 6
    endloop
  endfacet
  facet normal 0 0 1
    outer loop
      vertex -5.13866 -40.6767 6
      vertex -5.63999 -44.6452 6
      vertex -2.82557 -44.9112 6
    endloop
  endfacet
  facet normal 0 0 1
    outer loop
      vertex -7.68263 -40.2738 6
      vertex -5.63999 -44.6452 6
      vertex -5.13866 -40.6767 6
    endloop
  endfacet
  facet normal 0 0 1
    outer loop
      vertex -7.68263 -40.2738 6
      vertex -8.43216 -44.2029 6
      vertex -5.63999 -44.6452 6
    endloop
  endfacet
  facet normal 0 0 1
    outer loop
      vertex -10.1963 -39.7119 6
      vertex -8.43216 -44.2029 6
      vertex -7.68263 -40.2738 6
    endloop
  endfacet
  facet normal 0 0 1
    outer loop
      vertex -10.1963 -39.7119 6
      vertex -11.191 -43.5862 6
      vertex -8.43216 -44.2029 6
    endloop
  endfacet
  facet normal 0 0 1
    outer loop
      vertex -12.6697 -38.9933 6
      vertex -11.191 -43.5862 6
      vertex -10.1963 -39.7119 6
    endloop
  endfacet
  facet normal 0 0 1
    outer loop
      vertex -12.6697 -38.9933 6
      vertex -13.9058 -42.7975 6
      vertex -11.191 -43.5862 6
    endloop
  endfacet
  facet normal 0 0 1
    outer loop
      vertex -15.0931 -38.1208 6
      vertex -13.9058 -42.7975 6
      vertex -12.6697 -38.9933 6
    endloop
  endfacet
  facet normal 0 0 1
    outer loop
      vertex -15.0931 -38.1208 6
      vertex -16.5656 -41.8399 6
      vertex -13.9058 -42.7975 6
    endloop
  endfacet
  facet normal 0 0 1
    outer loop
      vertex -17.457 -37.0979 6
      vertex -16.5656 -41.8399 6
      vertex -15.0931 -38.1208 6
    endloop
  endfacet
  facet normal 0 0 1
    outer loop
      vertex -17.457 -37.0979 6
      vertex -19.1601 -40.7172 6
      vertex -16.5656 -41.8399 6
    endloop
  endfacet
  facet normal 0 0 1
    outer loop
      vertex -19.7519 -35.9286 6
      vertex -19.1601 -40.7172 6
      vertex -17.457 -37.0979 6
    endloop
  endfacet
  facet normal 0 0 1
    outer loop
      vertex -19.7519 -35.9286 6
      vertex -21.6789 -39.4338 6
      vertex -19.1601 -40.7172 6
    endloop
  endfacet
  facet normal 0 0 1
    outer loop
      vertex -21.9689 -34.6174 6
      vertex -21.6789 -39.4338 6
      vertex -19.7519 -35.9286 6
    endloop
  endfacet
  facet normal 0 0 1
    outer loop
      vertex -24.1122 -37.9948 6
      vertex -21.9689 -34.6174 6
      vertex -24.0992 -33.1697 6
    endloop
  endfacet
  facet normal 0 0 1
    outer loop
      vertex -21.9689 -34.6174 6
      vertex -24.1122 -37.9948 6
      vertex -21.6789 -39.4338 6
    endloop
  endfacet
  facet normal 0 0 1
    outer loop
      vertex -26.4503 -36.4058 6
      vertex -24.0992 -33.1697 6
      vertex -26.1344 -31.591 6
    endloop
  endfacet
  facet normal 0 0 1
    outer loop
      vertex -24.0992 -33.1697 6
      vertex -26.4503 -36.4058 6
      vertex -24.1122 -37.9948 6
    endloop
  endfacet
  facet normal 0 0 1
    outer loop
      vertex -28.6841 -34.6731 6
      vertex -26.1344 -31.591 6
      vertex -28.0664 -29.8877 6
    endloop
  endfacet
  facet normal 0 0 1
    outer loop
      vertex -26.1344 -31.591 6
      vertex -28.6841 -34.6731 6
      vertex -26.4503 -36.4058 6
    endloop
  endfacet
  facet normal 0 0 1
    outer loop
      vertex -30.8046 -32.8036 6
      vertex -28.0664 -29.8877 6
      vertex -29.8877 -28.0664 6
    endloop
  endfacet
  facet normal 0 0 1
    outer loop
      vertex -28.0664 -29.8877 6
      vertex -30.8046 -32.8036 6
      vertex -28.6841 -34.6731 6
    endloop
  endfacet
  facet normal 0 0 1
    outer loop
      vertex -32.8036 -30.8046 6
      vertex -29.8877 -28.0664 6
      vertex -31.591 -26.1344 6
    endloop
  endfacet
  facet normal 0 0 1
    outer loop
      vertex -29.8877 -28.0664 6
      vertex -32.8036 -30.8046 6
      vertex -30.8046 -32.8036 6
    endloop
  endfacet
  facet normal 0 0 1
    outer loop
      vertex -34.6731 -28.6841 6
      vertex -31.591 -26.1344 6
      vertex -33.1697 -24.0992 6
    endloop
  endfacet
  facet normal 0 0 1
    outer loop
      vertex -36.4058 -26.4503 6
      vertex -33.1697 -24.0992 6
      vertex -34.6174 -21.9689 6
    endloop
  endfacet
  facet normal 0 0 1
    outer loop
      vertex -31.591 -26.1344 6
      vertex -34.6731 -28.6841 6
      vertex -32.8036 -30.8046 6
    endloop
  endfacet
  facet normal 0 0 1
    outer loop
      vertex -37.9948 -24.1122 6
      vertex -34.6174 -21.9689 6
      vertex -35.9286 -19.7519 6
    endloop
  endfacet
  facet normal 0 0 1
    outer loop
      vertex -33.1697 -24.0992 6
      vertex -36.4058 -26.4503 6
      vertex -34.6731 -28.6841 6
    endloop
  endfacet
  facet normal 0 0 1
    outer loop
      vertex -39.4338 -21.6789 6
      vertex -35.9286 -19.7519 6
      vertex -37.0979 -17.457 6
    endloop
  endfacet
  facet normal 0 0 1
    outer loop
      vertex -34.6174 -21.9689 6
      vertex -37.9948 -24.1122 6
      vertex -36.4058 -26.4503 6
    endloop
  endfacet
  facet normal 0 0 1
    outer loop
      vertex -40.7172 -19.1601 6
      vertex -37.0979 -17.457 6
      vertex -38.1208 -15.0931 6
    endloop
  endfacet
  facet normal 0 0 1
    outer loop
      vertex -41.8399 -16.5656 6
      vertex -38.1208 -15.0931 6
      vertex -38.9933 -12.6697 6
    endloop
  endfacet
  facet normal 0 0 1
    outer loop
      vertex -35.9286 -19.7519 6
      vertex -39.4338 -21.6789 6
      vertex -37.9948 -24.1122 6
    endloop
  endfacet
  facet normal 0 0 1
    outer loop
      vertex -42.7975 -13.9058 6
      vertex -38.9933 -12.6697 6
      vertex -39.7119 -10.1963 6
    endloop
  endfacet
  facet normal 0 0 1
    outer loop
      vertex -43.5862 -11.191 6
      vertex -39.7119 -10.1963 6
      vertex -40.2738 -7.68263 6
    endloop
  endfacet
  facet normal 0 0 1
    outer loop
      vertex -44.2029 -8.43216 6
      vertex -40.2738 -7.68263 6
      vertex -40.6767 -5.13866 6
    endloop
  endfacet
  facet normal 0 0 1
    outer loop
      vertex -37.0979 -17.457 6
      vertex -40.7172 -19.1601 6
      vertex -39.4338 -21.6789 6
    endloop
  endfacet
  facet normal 0 0 1
    outer loop
      vertex -44.6452 -5.63999 6
      vertex -40.6767 -5.13866 6
      vertex -40.9191 -2.57441 6
    endloop
  endfacet
  facet normal 0 0 1
    outer loop
      vertex -44.9112 -2.82557 6
      vertex -40.9191 -2.57441 6
      vertex -41 0 6
    endloop
  endfacet
  facet normal 0 0 1
    outer loop
      vertex -40.2738 7.68263 6
      vertex -44.2029 8.43216 6
      vertex -40.6767 5.13866 6
    endloop
  endfacet
  facet normal 0 0 1
    outer loop
      vertex -38.1208 -15.0931 6
      vertex -41.8399 -16.5656 6
      vertex -40.7172 -19.1601 6
    endloop
  endfacet
  facet normal -0 0 1
    outer loop
      vertex -44.6452 5.63999 6
      vertex -40.6767 5.13866 6
      vertex -44.2029 8.43216 6
    endloop
  endfacet
  facet normal 0 0 1
    outer loop
      vertex -38.9933 -12.6697 6
      vertex -42.7975 -13.9058 6
      vertex -41.8399 -16.5656 6
    endloop
  endfacet
  facet normal 0 0 1
    outer loop
      vertex -40.6767 5.13866 6
      vertex -44.6452 5.63999 6
      vertex -40.9191 2.57441 6
    endloop
  endfacet
  facet normal 0 0 1
    outer loop
      vertex -39.7119 -10.1963 6
      vertex -43.5862 -11.191 6
      vertex -42.7975 -13.9058 6
    endloop
  endfacet
  facet normal -0 0 1
    outer loop
      vertex -44.9112 2.82557 6
      vertex -40.9191 2.57441 6
      vertex -44.6452 5.63999 6
    endloop
  endfacet
  facet normal 0 0 1
    outer loop
      vertex -40.2738 -7.68263 6
      vertex -44.2029 -8.43216 6
      vertex -43.5862 -11.191 6
    endloop
  endfacet
  facet normal 0 0 1
    outer loop
      vertex -40.9191 2.57441 6
      vertex -44.9112 2.82557 6
      vertex -41 0 6
    endloop
  endfacet
  facet normal 0 0 1
    outer loop
      vertex -40.6767 -5.13866 6
      vertex -44.6452 -5.63999 6
      vertex -44.2029 -8.43216 6
    endloop
  endfacet
  facet normal 0 0 1
    outer loop
      vertex -45 0 6
      vertex -41 0 6
      vertex -44.9112 2.82557 6
    endloop
  endfacet
  facet normal 0 0 1
    outer loop
      vertex -40.9191 -2.57441 6
      vertex -44.9112 -2.82557 6
      vertex -44.6452 -5.63999 6
    endloop
  endfacet
  facet normal 0 0 1
    outer loop
      vertex -41 0 6
      vertex -45 0 6
      vertex -44.9112 -2.82557 6
    endloop
  endfacet
  facet normal -0.707107 -0.707107 0
    outer loop
      vertex -30.8046 -32.8036 0
      vertex -32.8036 -30.8046 6
      vertex -32.8036 -30.8046 0
    endloop
  endfacet
  facet normal -0.707107 -0.707107 0
    outer loop
      vertex -32.8036 -30.8046 6
      vertex -30.8046 -32.8036 0
      vertex -30.8046 -32.8036 6
    endloop
  endfacet
  facet normal 0 0 -1
    outer loop
      vertex 44.9112 -2.82557 0
      vertex 44.9112 2.82557 0
      vertex 45 0 0
    endloop
  endfacet
  facet normal 0 0 -1
    outer loop
      vertex 44.6452 -5.63999 0
      vertex 44.9112 2.82557 0
      vertex 44.9112 -2.82557 0
    endloop
  endfacet
  facet normal 0 0 -1
    outer loop
      vertex 44.6452 -5.63999 0
      vertex 44.6452 5.63999 0
      vertex 44.9112 2.82557 0
    endloop
  endfacet
  facet normal 0 0 -1
    outer loop
      vertex 44.2029 -8.43216 0
      vertex 44.6452 5.63999 0
      vertex 44.6452 -5.63999 0
    endloop
  endfacet
  facet normal 0 0 -1
    outer loop
      vertex 44.2029 -8.43216 0
      vertex 44.2029 8.43216 0
      vertex 44.6452 5.63999 0
    endloop
  endfacet
  facet normal 0 0 -1
    outer loop
      vertex 43.5862 -11.191 0
      vertex 44.2029 8.43216 0
      vertex 44.2029 -8.43216 0
    endloop
  endfacet
  facet normal 0 0 -1
    outer loop
      vertex 43.5862 -11.191 0
      vertex 43.5862 11.191 0
      vertex 44.2029 8.43216 0
    endloop
  endfacet
  facet normal 0 0 -1
    outer loop
      vertex 42.7975 -13.9058 0
      vertex 43.5862 11.191 0
      vertex 43.5862 -11.191 0
    endloop
  endfacet
  facet normal 0 0 -1
    outer loop
      vertex 42.7975 -13.9058 0
      vertex 42.7975 13.9058 0
      vertex 43.5862 11.191 0
    endloop
  endfacet
  facet normal 0 0 -1
    outer loop
      vertex 41.8399 -16.5656 0
      vertex 42.7975 13.9058 0
      vertex 42.7975 -13.9058 0
    endloop
  endfacet
  facet normal 0 0 -1
    outer loop
      vertex 41.8399 -16.5656 0
      vertex 41.8399 16.5656 0
      vertex 42.7975 13.9058 0
    endloop
  endfacet
  facet normal 0 0 -1
    outer loop
      vertex 40.7172 -19.1601 0
      vertex 41.8399 16.5656 0
      vertex 41.8399 -16.5656 0
    endloop
  endfacet
  facet normal 0 0 -1
    outer loop
      vertex 40.7172 -19.1601 0
      vertex 40.7172 19.1601 0
      vertex 41.8399 16.5656 0
    endloop
  endfacet
  facet normal 0 0 -1
    outer loop
      vertex 39.4338 -21.6789 0
      vertex 40.7172 19.1601 0
      vertex 40.7172 -19.1601 0
    endloop
  endfacet
  facet normal 0 0 -1
    outer loop
      vertex 39.4338 -21.6789 0
      vertex 39.4338 21.6789 0
      vertex 40.7172 19.1601 0
    endloop
  endfacet
  facet normal 0 0 -1
    outer loop
      vertex 37.9948 -24.1122 0
      vertex 39.4338 21.6789 0
      vertex 39.4338 -21.6789 0
    endloop
  endfacet
  facet normal 0 0 -1
    outer loop
      vertex 37.9948 -24.1122 0
      vertex 37.9948 24.1122 0
      vertex 39.4338 21.6789 0
    endloop
  endfacet
  facet normal 0 0 -1
    outer loop
      vertex 36.4058 -26.4503 0
      vertex 37.9948 24.1122 0
      vertex 37.9948 -24.1122 0
    endloop
  endfacet
  facet normal 0 0 -1
    outer loop
      vertex 36.4058 -26.4503 0
      vertex 36.4058 26.4503 0
      vertex 37.9948 24.1122 0
    endloop
  endfacet
  facet normal 0 0 -1
    outer loop
      vertex 34.6731 -28.6841 0
      vertex 36.4058 26.4503 0
      vertex 36.4058 -26.4503 0
    endloop
  endfacet
  facet normal 0 0 -1
    outer loop
      vertex 34.6731 -28.6841 0
      vertex 34.6731 28.6841 0
      vertex 36.4058 26.4503 0
    endloop
  endfacet
  facet normal 0 0 -1
    outer loop
      vertex 32.8036 -30.8046 0
      vertex 34.6731 28.6841 0
      vertex 34.6731 -28.6841 0
    endloop
  endfacet
  facet normal 0 0 -1
    outer loop
      vertex 32.8036 -30.8046 0
      vertex 32.8036 30.8046 0
      vertex 34.6731 28.6841 0
    endloop
  endfacet
  facet normal 0 0 -1
    outer loop
      vertex 30.8046 -32.8036 0
      vertex 32.8036 30.8046 0
      vertex 32.8036 -30.8046 0
    endloop
  endfacet
  facet normal 0 0 -1
    outer loop
      vertex 30.8046 -32.8036 0
      vertex 30.8046 32.8036 0
      vertex 32.8036 30.8046 0
    endloop
  endfacet
  facet normal 0 0 -1
    outer loop
      vertex 28.6841 -34.6731 0
      vertex 30.8046 32.8036 0
      vertex 30.8046 -32.8036 0
    endloop
  endfacet
  facet normal 0 0 -1
    outer loop
      vertex 28.6841 -34.6731 0
      vertex 28.6841 34.6731 0
      vertex 30.8046 32.8036 0
    endloop
  endfacet
  facet normal 0 0 -1
    outer loop
      vertex 26.4503 -36.4058 0
      vertex 28.6841 34.6731 0
      vertex 28.6841 -34.6731 0
    endloop
  endfacet
  facet normal 0 0 -1
    outer loop
      vertex 26.4503 -36.4058 0
      vertex 26.4503 36.4058 0
      vertex 28.6841 34.6731 0
    endloop
  endfacet
  facet normal 0 0 -1
    outer loop
      vertex 24.1122 -37.9948 0
      vertex 26.4503 36.4058 0
      vertex 26.4503 -36.4058 0
    endloop
  endfacet
  facet normal 0 0 -1
    outer loop
      vertex 24.1122 -37.9948 0
      vertex 24.1122 37.9948 0
      vertex 26.4503 36.4058 0
    endloop
  endfacet
  facet normal 0 0 -1
    outer loop
      vertex 21.6789 -39.4338 0
      vertex 24.1122 37.9948 0
      vertex 24.1122 -37.9948 0
    endloop
  endfacet
  facet normal 0 0 -1
    outer loop
      vertex 21.6789 -39.4338 0
      vertex 21.6789 39.4338 0
      vertex 24.1122 37.9948 0
    endloop
  endfacet
  facet normal 0 0 -1
    outer loop
      vertex 19.1601 -40.7172 0
      vertex 21.6789 39.4338 0
      vertex 21.6789 -39.4338 0
    endloop
  endfacet
  facet normal 0 0 -1
    outer loop
      vertex 19.1601 -40.7172 0
      vertex 19.1601 40.7172 0
      vertex 21.6789 39.4338 0
    endloop
  endfacet
  facet normal 0 0 -1
    outer loop
      vertex 16.5656 -41.8399 0
      vertex 19.1601 40.7172 0
      vertex 19.1601 -40.7172 0
    endloop
  endfacet
  facet normal 0 0 -1
    outer loop
      vertex 16.5656 -41.8399 0
      vertex 16.5656 41.8399 0
      vertex 19.1601 40.7172 0
    endloop
  endfacet
  facet normal 0 0 -1
    outer loop
      vertex 13.9058 -42.7975 0
      vertex 16.5656 41.8399 0
      vertex 16.5656 -41.8399 0
    endloop
  endfacet
  facet normal 0 0 -1
    outer loop
      vertex 13.9058 -42.7975 0
      vertex 13.9058 42.7975 0
      vertex 16.5656 41.8399 0
    endloop
  endfacet
  facet normal 0 0 -1
    outer loop
      vertex 11.191 -43.5862 0
      vertex 13.9058 42.7975 0
      vertex 13.9058 -42.7975 0
    endloop
  endfacet
  facet normal 0 0 -1
    outer loop
      vertex 11.191 -43.5862 0
      vertex 11.191 43.5862 0
      vertex 13.9058 42.7975 0
    endloop
  endfacet
  facet normal 0 0 -1
    outer loop
      vertex 8.43216 -44.2029 0
      vertex 11.191 43.5862 0
      vertex 11.191 -43.5862 0
    endloop
  endfacet
  facet normal 0 0 -1
    outer loop
      vertex 8.43216 -44.2029 0
      vertex 8.43216 44.2029 0
      vertex 11.191 43.5862 0
    endloop
  endfacet
  facet normal 0 0 -1
    outer loop
      vertex 5.63999 -44.6452 0
      vertex 8.43216 44.2029 0
      vertex 8.43216 -44.2029 0
    endloop
  endfacet
  facet normal 0 0 -1
    outer loop
      vertex 5.63999 -44.6452 0
      vertex 5.63999 44.6452 0
      vertex 8.43216 44.2029 0
    endloop
  endfacet
  facet normal 0 0 -1
    outer loop
      vertex 2.82557 -44.9112 0
      vertex 5.63999 44.6452 0
      vertex 5.63999 -44.6452 0
    endloop
  endfacet
  facet normal 0 0 -1
    outer loop
      vertex 2.82557 -44.9112 0
      vertex 2.82557 44.9112 0
      vertex 5.63999 44.6452 0
    endloop
  endfacet
  facet normal 0 0 -1
    outer loop
      vertex 0 -45 0
      vertex 2.82557 44.9112 0
      vertex 2.82557 -44.9112 0
    endloop
  endfacet
  facet normal 0 0 -1
    outer loop
      vertex 0 -45 0
      vertex 0 45 0
      vertex 2.82557 44.9112 0
    endloop
  endfacet
  facet normal 0 0 -1
    outer loop
      vertex -2.82557 -44.9112 0
      vertex 0 45 0
      vertex 0 -45 0
    endloop
  endfacet
  facet normal 0 0 -1
    outer loop
      vertex -2.82557 -44.9112 0
      vertex -2.82557 44.9112 0
      vertex 0 45 0
    endloop
  endfacet
  facet normal 0 0 -1
    outer loop
      vertex -5.63999 -44.6452 0
      vertex -2.82557 44.9112 0
      vertex -2.82557 -44.9112 0
    endloop
  endfacet
  facet normal 0 0 -1
    outer loop
      vertex -5.63999 -44.6452 0
      vertex -5.63999 44.6452 0
      vertex -2.82557 44.9112 0
    endloop
  endfacet
  facet normal 0 0 -1
    outer loop
      vertex -8.43216 -44.2029 0
      vertex -5.63999 44.6452 0
      vertex -5.63999 -44.6452 0
    endloop
  endfacet
  facet normal 0 0 -1
    outer loop
      vertex -8.43216 -44.2029 0
      vertex -8.43216 44.2029 0
      vertex -5.63999 44.6452 0
    endloop
  endfacet
  facet normal 0 0 -1
    outer loop
      vertex -11.191 -43.5862 0
      vertex -8.43216 44.2029 0
      vertex -8.43216 -44.2029 0
    endloop
  endfacet
  facet normal 0 0 -1
    outer loop
      vertex -11.191 -43.5862 0
      vertex -11.191 43.5862 0
      vertex -8.43216 44.2029 0
    endloop
  endfacet
  facet normal 0 0 -1
    outer loop
      vertex -13.9058 -42.7975 0
      vertex -11.191 43.5862 0
      vertex -11.191 -43.5862 0
    endloop
  endfacet
  facet normal 0 0 -1
    outer loop
      vertex -13.9058 -42.7975 0
      vertex -13.9058 42.7975 0
      vertex -11.191 43.5862 0
    endloop
  endfacet
  facet normal 0 0 -1
    outer loop
      vertex -16.5656 -41.8399 0
      vertex -13.9058 42.7975 0
      vertex -13.9058 -42.7975 0
    endloop
  endfacet
  facet normal 0 0 -1
    outer loop
      vertex -16.5656 -41.8399 0
      vertex -16.5656 41.8399 0
      vertex -13.9058 42.7975 0
    endloop
  endfacet
  facet normal 0 0 -1
    outer loop
      vertex -19.1601 -40.7172 0
      vertex -16.5656 41.8399 0
      vertex -16.5656 -41.8399 0
    endloop
  endfacet
  facet normal 0 0 -1
    outer loop
      vertex -19.1601 -40.7172 0
      vertex -19.1601 40.7172 0
      vertex -16.5656 41.8399 0
    endloop
  endfacet
  facet normal 0 0 -1
    outer loop
      vertex -21.6789 -39.4338 0
      vertex -19.1601 40.7172 0
      vertex -19.1601 -40.7172 0
    endloop
  endfacet
  facet normal 0 0 -1
    outer loop
      vertex -21.6789 -39.4338 0
      vertex -21.6789 39.4338 0
      vertex -19.1601 40.7172 0
    endloop
  endfacet
  facet normal 0 0 -1
    outer loop
      vertex -24.1122 -37.9948 0
      vertex -21.6789 39.4338 0
      vertex -21.6789 -39.4338 0
    endloop
  endfacet
  facet normal 0 0 -1
    outer loop
      vertex -24.1122 -37.9948 0
      vertex -24.1122 37.9948 0
      vertex -21.6789 39.4338 0
    endloop
  endfacet
  facet normal 0 0 -1
    outer loop
      vertex -26.4503 -36.4058 0
      vertex -24.1122 37.9948 0
      vertex -24.1122 -37.9948 0
    endloop
  endfacet
  facet normal 0 0 -1
    outer loop
      vertex -26.4503 -36.4058 0
      vertex -26.4503 36.4058 0
      vertex -24.1122 37.9948 0
    endloop
  endfacet
  facet normal 0 0 -1
    outer loop
      vertex -28.6841 -34.6731 0
      vertex -26.4503 36.4058 0
      vertex -26.4503 -36.4058 0
    endloop
  endfacet
  facet normal 0 0 -1
    outer loop
      vertex -28.6841 -34.6731 0
      vertex -28.6841 34.6731 0
      vertex -26.4503 36.4058 0
    endloop
  endfacet
  facet normal 0 0 -1
    outer loop
      vertex -30.8046 -32.8036 0
      vertex -28.6841 34.6731 0
      vertex -28.6841 -34.6731 0
    endloop
  endfacet
  facet normal 0 0 -1
    outer loop
      vertex -30.8046 -32.8036 0
      vertex -30.8046 32.8036 0
      vertex -28.6841 34.6731 0
    endloop
  endfacet
  facet normal 0 0 -1
    outer loop
      vertex -32.8036 -30.8046 0
      vertex -30.8046 32.8036 0
      vertex -30.8046 -32.8036 0
    endloop
  endfacet
  facet normal 0 0 -1
    outer loop
      vertex -32.8036 -30.8046 0
      vertex -32.8036 30.8046 0
      vertex -30.8046 32.8036 0
    endloop
  endfacet
  facet normal 0 0 -1
    outer loop
      vertex -34.6731 -28.6841 0
      vertex -32.8036 30.8046 0
      vertex -32.8036 -30.8046 0
    endloop
  endfacet
  facet normal 0 0 -1
    outer loop
      vertex -34.6731 -28.6841 0
      vertex -34.6731 28.6841 0
      vertex -32.8036 30.8046 0
    endloop
  endfacet
  facet normal 0 0 -1
    outer loop
      vertex -36.4058 -26.4503 0
      vertex -34.6731 28.6841 0
      vertex -34.6731 -28.6841 0
    endloop
  endfacet
  facet normal 0 0 -1
    outer loop
      vertex -36.4058 -26.4503 0
      vertex -36.4058 26.4503 0
      vertex -34.6731 28.6841 0
    endloop
  endfacet
  facet normal 0 0 -1
    outer loop
      vertex -37.9948 -24.1122 0
      vertex -36.4058 26.4503 0
      vertex -36.4058 -26.4503 0
    endloop
  endfacet
  facet normal 0 0 -1
    outer loop
      vertex -37.9948 -24.1122 0
      vertex -37.9948 24.1122 0
      vertex -36.4058 26.4503 0
    endloop
  endfacet
  facet normal 0 0 -1
    outer loop
      vertex -39.4338 -21.6789 0
      vertex -37.9948 24.1122 0
      vertex -37.9948 -24.1122 0
    endloop
  endfacet
  facet normal 0 0 -1
    outer loop
      vertex -39.4338 -21.6789 0
      vertex -39.4338 21.6789 0
      vertex -37.9948 24.1122 0
    endloop
  endfacet
  facet normal 0 0 -1
    outer loop
      vertex -40.7172 -19.1601 0
      vertex -39.4338 21.6789 0
      vertex -39.4338 -21.6789 0
    endloop
  endfacet
  facet normal 0 0 -1
    outer loop
      vertex -40.7172 -19.1601 0
      vertex -40.7172 19.1601 0
      vertex -39.4338 21.6789 0
    endloop
  endfacet
  facet normal 0 0 -1
    outer loop
      vertex -41.8399 -16.5656 0
      vertex -40.7172 19.1601 0
      vertex -40.7172 -19.1601 0
    endloop
  endfacet
  facet normal 0 0 -1
    outer loop
      vertex -41.8399 -16.5656 0
      vertex -41.8399 16.5656 0
      vertex -40.7172 19.1601 0
    endloop
  endfacet
  facet normal 0 0 -1
    outer loop
      vertex -42.7975 -13.9058 0
      vertex -41.8399 16.5656 0
      vertex -41.8399 -16.5656 0
    endloop
  endfacet
  facet normal 0 0 -1
    outer loop
      vertex -42.7975 -13.9058 0
      vertex -42.7975 13.9058 0
      vertex -41.8399 16.5656 0
    endloop
  endfacet
  facet normal 0 0 -1
    outer loop
      vertex -43.5862 -11.191 0
      vertex -42.7975 13.9058 0
      vertex -42.7975 -13.9058 0
    endloop
  endfacet
  facet normal 0 0 -1
    outer loop
      vertex -43.5862 -11.191 0
      vertex -43.5862 11.191 0
      vertex -42.7975 13.9058 0
    endloop
  endfacet
  facet normal 0 0 -1
    outer loop
      vertex -44.2029 -8.43216 0
      vertex -43.5862 11.191 0
      vertex -43.5862 -11.191 0
    endloop
  endfacet
  facet normal 0 0 -1
    outer loop
      vertex -44.2029 -8.43216 0
      vertex -44.2029 8.43216 0
      vertex -43.5862 11.191 0
    endloop
  endfacet
  facet normal 0 0 -1
    outer loop
      vertex -44.6452 -5.63999 0
      vertex -44.2029 8.43216 0
      vertex -44.2029 -8.43216 0
    endloop
  endfacet
  facet normal 0 0 -1
    outer loop
      vertex -44.6452 -5.63999 0
      vertex -44.6452 5.63999 0
      vertex -44.2029 8.43216 0
    endloop
  endfacet
  facet normal 0 0 -1
    outer loop
      vertex -44.9112 -2.82557 0
      vertex -44.6452 5.63999 0
      vertex -44.6452 -5.63999 0
    endloop
  endfacet
  facet normal 0 0 -1
    outer loop
      vertex -44.9112 -2.82557 0
      vertex -44.9112 2.82557 0
      vertex -44.6452 5.63999 0
    endloop
  endfacet
  facet normal 0 -0 -1
    outer loop
      vertex -44.9112 2.82557 0
      vertex -44.9112 -2.82557 0
      vertex -45 0 0
    endloop
  endfacet
  facet normal -0.790148 -0.612916 0
    outer loop
      vertex 33.1697 24.0992 3
      vertex 31.591 26.1344 6
      vertex 31.591 26.1344 3
    endloop
  endfacet
  facet normal -0.790148 -0.612916 0
    outer loop
      vertex 31.591 26.1344 6
      vertex 33.1697 24.0992 3
      vertex 33.1697 24.0992 6
    endloop
  endfacet
  facet normal -0.790148 0.612916 0
    outer loop
      vertex 31.591 -26.1344 3
      vertex 33.1697 -24.0992 6
      vertex 33.1697 -24.0992 3
    endloop
  endfacet
  facet normal -0.790148 0.612916 0
    outer loop
      vertex 33.1697 -24.0992 6
      vertex 31.591 -26.1344 3
      vertex 31.591 -26.1344 6
    endloop
  endfacet
  facet normal -0.82709 0.56207 0
    outer loop
      vertex 33.1697 -24.0992 3
      vertex 34.6174 -21.9689 6
      vertex 34.6174 -21.9689 3
    endloop
  endfacet
  facet normal -0.82709 0.56207 0
    outer loop
      vertex 34.6174 -21.9689 6
      vertex 33.1697 -24.0992 3
      vertex 33.1697 -24.0992 6
    endloop
  endfacet
  facet normal -0.707107 0.707107 0
    outer loop
      vertex 28.0664 -29.8877 3
      vertex 29.8877 -28.0664 6
      vertex 29.8877 -28.0664 3
    endloop
  endfacet
  facet normal -0.707107 0.707107 0
    outer loop
      vertex 29.8877 -28.0664 6
      vertex 28.0664 -29.8877 3
      vertex 28.0664 -29.8877 6
    endloop
  endfacet
  facet normal -0.995562 -0.094111 0
    outer loop
      vertex 40.9191 2.57441 3
      vertex 40.6767 5.13866 6
      vertex 40.6767 5.13866 3
    endloop
  endfacet
  facet normal -0.995562 -0.094111 0
    outer loop
      vertex 40.6767 5.13866 6
      vertex 40.9191 2.57441 3
      vertex 40.9191 2.57441 6
    endloop
  endfacet
  facet normal -0.094111 -0.995562 0
    outer loop
      vertex 2.57441 40.9191 3
      vertex 5.13866 40.6767 6
      vertex 2.57441 40.9191 6
    endloop
  endfacet
  facet normal -0.094111 -0.995562 -0
    outer loop
      vertex 5.13866 40.6767 6
      vertex 2.57441 40.9191 3
      vertex 5.13866 40.6767 3
    endloop
  endfacet
  facet normal 0.0314092 0.999507 -0
    outer loop
      vertex 0 -41 3
      vertex -2.57441 -40.9191 6
      vertex 0 -41 6
    endloop
  endfacet
  facet normal 0.0314092 0.999507 0
    outer loop
      vertex -2.57441 -40.9191 6
      vertex 0 -41 3
      vertex -2.57441 -40.9191 3
    endloop
  endfacet
  facet normal -0.98769 -0.156425 0
    outer loop
      vertex 40.6767 5.13866 3
      vertex 40.2738 7.68263 6
      vertex 40.2738 7.68263 3
    endloop
  endfacet
  facet normal -0.98769 -0.156425 0
    outer loop
      vertex 40.2738 7.68263 6
      vertex 40.6767 5.13866 3
      vertex 40.6767 5.13866 6
    endloop
  endfacet
  facet normal -0.86073 0.509062 0
    outer loop
      vertex 34.6174 -21.9689 3
      vertex 35.9286 -19.7519 6
      vertex 35.9286 -19.7519 3
    endloop
  endfacet
  facet normal -0.86073 0.509062 0
    outer loop
      vertex 35.9286 -19.7519 6
      vertex 34.6174 -21.9689 3
      vertex 34.6174 -21.9689 6
    endloop
  endfacet
  facet normal 0 0 1
    outer loop
      vertex 40.9191 2.57441 3
      vertex 40.9191 -2.57441 3
      vertex 41 0 3
    endloop
  endfacet
  facet normal 0 0 1
    outer loop
      vertex 40.6767 5.13866 3
      vertex 40.9191 -2.57441 3
      vertex 40.9191 2.57441 3
    endloop
  endfacet
  facet normal 0 0 1
    outer loop
      vertex 40.6767 5.13866 3
      vertex 40.6767 -5.13866 3
      vertex 40.9191 -2.57441 3
    endloop
  endfacet
  facet normal 0 0 1
    outer loop
      vertex 40.2738 7.68263 3
      vertex 40.6767 -5.13866 3
      vertex 40.6767 5.13866 3
    endloop
  endfacet
  facet normal 0 0 1
    outer loop
      vertex 40.2738 7.68263 3
      vertex 40.2738 -7.68263 3
      vertex 40.6767 -5.13866 3
    endloop
  endfacet
  facet normal 0 0 1
    outer loop
      vertex 39.7119 10.1963 3
      vertex 40.2738 -7.68263 3
      vertex 40.2738 7.68263 3
    endloop
  endfacet
  facet normal 0 0 1
    outer loop
      vertex 39.7119 10.1963 3
      vertex 39.7119 -10.1963 3
      vertex 40.2738 -7.68263 3
    endloop
  endfacet
  facet normal 0 0 1
    outer loop
      vertex 38.9933 12.6697 3
      vertex 39.7119 -10.1963 3
      vertex 39.7119 10.1963 3
    endloop
  endfacet
  facet normal 0 0 1
    outer loop
      vertex 38.9933 12.6697 3
      vertex 38.9933 -12.6697 3
      vertex 39.7119 -10.1963 3
    endloop
  endfacet
  facet normal 0 0 1
    outer loop
      vertex 38.1208 15.0931 3
      vertex 38.9933 -12.6697 3
      vertex 38.9933 12.6697 3
    endloop
  endfacet
  facet normal 0 0 1
    outer loop
      vertex 38.1208 15.0931 3
      vertex 38.1208 -15.0931 3
      vertex 38.9933 -12.6697 3
    endloop
  endfacet
  facet normal 0 0 1
    outer loop
      vertex 37.0979 17.457 3
      vertex 38.1208 -15.0931 3
      vertex 38.1208 15.0931 3
    endloop
  endfacet
  facet normal 0 0 1
    outer loop
      vertex 37.0979 17.457 3
      vertex 37.0979 -17.457 3
      vertex 38.1208 -15.0931 3
    endloop
  endfacet
  facet normal 0 0 1
    outer loop
      vertex 35.9286 19.7519 3
      vertex 37.0979 -17.457 3
      vertex 37.0979 17.457 3
    endloop
  endfacet
  facet normal 0 0 1
    outer loop
      vertex 35.9286 19.7519 3
      vertex 35.9286 -19.7519 3
      vertex 37.0979 -17.457 3
    endloop
  endfacet
  facet normal 0 0 1
    outer loop
      vertex 34.6174 21.9689 3
      vertex 35.9286 -19.7519 3
      vertex 35.9286 19.7519 3
    endloop
  endfacet
  facet normal 0 0 1
    outer loop
      vertex 34.6174 21.9689 3
      vertex 34.6174 -21.9689 3
      vertex 35.9286 -19.7519 3
    endloop
  endfacet
  facet normal 0 0 1
    outer loop
      vertex 33.1697 24.0992 3
      vertex 34.6174 -21.9689 3
      vertex 34.6174 21.9689 3
    endloop
  endfacet
  facet normal 0 0 1
    outer loop
      vertex 33.1697 24.0992 3
      vertex 33.1697 -24.0992 3
      vertex 34.6174 -21.9689 3
    endloop
  endfacet
  facet normal 0 0 1
    outer loop
      vertex 31.591 26.1344 3
      vertex 33.1697 -24.0992 3
      vertex 33.1697 24.0992 3
    endloop
  endfacet
  facet normal 0 0 1
    outer loop
      vertex 31.591 26.1344 3
      vertex 31.591 -26.1344 3
      vertex 33.1697 -24.0992 3
    endloop
  endfacet
  facet normal 0 0 1
    outer loop
      vertex 29.8877 28.0664 3
      vertex 31.591 -26.1344 3
      vertex 31.591 26.1344 3
    endloop
  endfacet
  facet normal 0 0 1
    outer loop
      vertex 29.8877 28.0664 3
      vertex 29.8877 -28.0664 3
      vertex 31.591 -26.1344 3
    endloop
  endfacet
  facet normal 0 0 1
    outer loop
      vertex 28.0664 29.8877 3
      vertex 29.8877 -28.0664 3
      vertex 29.8877 28.0664 3
    endloop
  endfacet
  facet normal 0 0 1
    outer loop
      vertex 28.0664 29.8877 3
      vertex 28.0664 -29.8877 3
      vertex 29.8877 -28.0664 3
    endloop
  endfacet
  facet normal 0 0 1
    outer loop
      vertex 26.1344 31.591 3
      vertex 28.0664 -29.8877 3
      vertex 28.0664 29.8877 3
    endloop
  endfacet
  facet normal 0 0 1
    outer loop
      vertex 26.1344 31.591 3
      vertex 26.1344 -31.591 3
      vertex 28.0664 -29.8877 3
    endloop
  endfacet
  facet normal 0 0 1
    outer loop
      vertex 24.0992 33.1697 3
      vertex 26.1344 -31.591 3
      vertex 26.1344 31.591 3
    endloop
  endfacet
  facet normal 0 0 1
    outer loop
      vertex 24.0992 33.1697 3
      vertex 24.0992 -33.1697 3
      vertex 26.1344 -31.591 3
    endloop
  endfacet
  facet normal 0 0 1
    outer loop
      vertex 21.9689 34.6174 3
      vertex 24.0992 -33.1697 3
      vertex 24.0992 33.1697 3
    endloop
  endfacet
  facet normal 0 0 1
    outer loop
      vertex 21.9689 34.6174 3
      vertex 21.9689 -34.6174 3
      vertex 24.0992 -33.1697 3
    endloop
  endfacet
  facet normal 0 0 1
    outer loop
      vertex 19.7519 35.9286 3
      vertex 21.9689 -34.6174 3
      vertex 21.9689 34.6174 3
    endloop
  endfacet
  facet normal 0 0 1
    outer loop
      vertex 19.7519 35.9286 3
      vertex 19.7519 -35.9286 3
      vertex 21.9689 -34.6174 3
    endloop
  endfacet
  facet normal 0 0 1
    outer loop
      vertex 17.457 37.0979 3
      vertex 19.7519 -35.9286 3
      vertex 19.7519 35.9286 3
    endloop
  endfacet
  facet normal 0 0 1
    outer loop
      vertex 17.457 37.0979 3
      vertex 17.457 -37.0979 3
      vertex 19.7519 -35.9286 3
    endloop
  endfacet
  facet normal 0 0 1
    outer loop
      vertex 15.0931 38.1208 3
      vertex 17.457 -37.0979 3
      vertex 17.457 37.0979 3
    endloop
  endfacet
  facet normal 0 0 1
    outer loop
      vertex 15.0931 38.1208 3
      vertex 15.0931 -38.1208 3
      vertex 17.457 -37.0979 3
    endloop
  endfacet
  facet normal 0 0 1
    outer loop
      vertex 12.6697 38.9933 3
      vertex 15.0931 -38.1208 3
      vertex 15.0931 38.1208 3
    endloop
  endfacet
  facet normal 0 0 1
    outer loop
      vertex 12.6697 38.9933 3
      vertex 12.6697 -38.9933 3
      vertex 15.0931 -38.1208 3
    endloop
  endfacet
  facet normal 0 0 1
    outer loop
      vertex 10.1963 39.7119 3
      vertex 12.6697 -38.9933 3
      vertex 12.6697 38.9933 3
    endloop
  endfacet
  facet normal 0 0 1
    outer loop
      vertex 10.1963 39.7119 3
      vertex 10.1963 -39.7119 3
      vertex 12.6697 -38.9933 3
    endloop
  endfacet
  facet normal 0 0 1
    outer loop
      vertex 7.68263 40.2738 3
      vertex 10.1963 -39.7119 3
      vertex 10.1963 39.7119 3
    endloop
  endfacet
  facet normal 0 0 1
    outer loop
      vertex 7.68263 40.2738 3
      vertex 7.68263 -40.2738 3
      vertex 10.1963 -39.7119 3
    endloop
  endfacet
  facet normal 0 0 1
    outer loop
      vertex 5.13866 40.6767 3
      vertex 7.68263 -40.2738 3
      vertex 7.68263 40.2738 3
    endloop
  endfacet
  facet normal 0 0 1
    outer loop
      vertex 5.13866 40.6767 3
      vertex 5.13866 -40.6767 3
      vertex 7.68263 -40.2738 3
    endloop
  endfacet
  facet normal 0 0 1
    outer loop
      vertex 2.57441 40.9191 3
      vertex 5.13866 -40.6767 3
      vertex 5.13866 40.6767 3
    endloop
  endfacet
  facet normal 0 0 1
    outer loop
      vertex 2.57441 40.9191 3
      vertex 2.57441 -40.9191 3
      vertex 5.13866 -40.6767 3
    endloop
  endfacet
  facet normal 0 0 1
    outer loop
      vertex 0 41 3
      vertex 2.57441 -40.9191 3
      vertex 2.57441 40.9191 3
    endloop
  endfacet
  facet normal 0 0 1
    outer loop
      vertex 0 41 3
      vertex 0 -41 3
      vertex 2.57441 -40.9191 3
    endloop
  endfacet
  facet normal -0 0 1
    outer loop
      vertex -2.57441 40.9191 3
      vertex 0 -41 3
      vertex 0 41 3
    endloop
  endfacet
  facet normal 0 0 1
    outer loop
      vertex -2.57441 40.9191 3
      vertex -2.57441 -40.9191 3
      vertex 0 -41 3
    endloop
  endfacet
  facet normal -0 0 1
    outer loop
      vertex -5.13866 40.6767 3
      vertex -2.57441 -40.9191 3
      vertex -2.57441 40.9191 3
    endloop
  endfacet
  facet normal 0 0 1
    outer loop
      vertex -5.13866 40.6767 3
      vertex -5.13866 -40.6767 3
      vertex -2.57441 -40.9191 3
    endloop
  endfacet
  facet normal -0 0 1
    outer loop
      vertex -7.68263 40.2738 3
      vertex -5.13866 -40.6767 3
      vertex -5.13866 40.6767 3
    endloop
  endfacet
  facet normal 0 0 1
    outer loop
      vertex -7.68263 40.2738 3
      vertex -7.68263 -40.2738 3
      vertex -5.13866 -40.6767 3
    endloop
  endfacet
  facet normal -0 0 1
    outer loop
      vertex -10.1963 39.7119 3
      vertex -7.68263 -40.2738 3
      vertex -7.68263 40.2738 3
    endloop
  endfacet
  facet normal 0 0 1
    outer loop
      vertex -10.1963 39.7119 3
      vertex -10.1963 -39.7119 3
      vertex -7.68263 -40.2738 3
    endloop
  endfacet
  facet normal -0 0 1
    outer loop
      vertex -12.6697 38.9933 3
      vertex -10.1963 -39.7119 3
      vertex -10.1963 39.7119 3
    endloop
  endfacet
  facet normal 0 0 1
    outer loop
      vertex -12.6697 38.9933 3
      vertex -12.6697 -38.9933 3
      vertex -10.1963 -39.7119 3
    endloop
  endfacet
  facet normal -0 0 1
    outer loop
      vertex -15.0931 38.1208 3
      vertex -12.6697 -38.9933 3
      vertex -12.6697 38.9933 3
    endloop
  endfacet
  facet normal 0 0 1
    outer loop
      vertex -15.0931 38.1208 3
      vertex -15.0931 -38.1208 3
      vertex -12.6697 -38.9933 3
    endloop
  endfacet
  facet normal -0 0 1
    outer loop
      vertex -17.457 37.0979 3
      vertex -15.0931 -38.1208 3
      vertex -15.0931 38.1208 3
    endloop
  endfacet
  facet normal 0 0 1
    outer loop
      vertex -17.457 37.0979 3
      vertex -17.457 -37.0979 3
      vertex -15.0931 -38.1208 3
    endloop
  endfacet
  facet normal -0 0 1
    outer loop
      vertex -19.7519 35.9286 3
      vertex -17.457 -37.0979 3
      vertex -17.457 37.0979 3
    endloop
  endfacet
  facet normal 0 0 1
    outer loop
      vertex -19.7519 35.9286 3
      vertex -19.7519 -35.9286 3
      vertex -17.457 -37.0979 3
    endloop
  endfacet
  facet normal -0 0 1
    outer loop
      vertex -21.9689 34.6174 3
      vertex -19.7519 -35.9286 3
      vertex -19.7519 35.9286 3
    endloop
  endfacet
  facet normal 0 0 1
    outer loop
      vertex -21.9689 34.6174 3
      vertex -21.9689 -34.6174 3
      vertex -19.7519 -35.9286 3
    endloop
  endfacet
  facet normal -0 0 1
    outer loop
      vertex -24.0992 33.1697 3
      vertex -21.9689 -34.6174 3
      vertex -21.9689 34.6174 3
    endloop
  endfacet
  facet normal 0 0 1
    outer loop
      vertex -24.0992 33.1697 3
      vertex -24.0992 -33.1697 3
      vertex -21.9689 -34.6174 3
    endloop
  endfacet
  facet normal -0 0 1
    outer loop
      vertex -26.1344 31.591 3
      vertex -24.0992 -33.1697 3
      vertex -24.0992 33.1697 3
    endloop
  endfacet
  facet normal 0 0 1
    outer loop
      vertex -26.1344 31.591 3
      vertex -26.1344 -31.591 3
      vertex -24.0992 -33.1697 3
    endloop
  endfacet
  facet normal -0 0 1
    outer loop
      vertex -28.0664 29.8877 3
      vertex -26.1344 -31.591 3
      vertex -26.1344 31.591 3
    endloop
  endfacet
  facet normal 0 0 1
    outer loop
      vertex -28.0664 29.8877 3
      vertex -28.0664 -29.8877 3
      vertex -26.1344 -31.591 3
    endloop
  endfacet
  facet normal -0 0 1
    outer loop
      vertex -29.8877 28.0664 3
      vertex -28.0664 -29.8877 3
      vertex -28.0664 29.8877 3
    endloop
  endfacet
  facet normal 0 0 1
    outer loop
      vertex -29.8877 28.0664 3
      vertex -29.8877 -28.0664 3
      vertex -28.0664 -29.8877 3
    endloop
  endfacet
  facet normal -0 0 1
    outer loop
      vertex -31.591 26.1344 3
      vertex -29.8877 -28.0664 3
      vertex -29.8877 28.0664 3
    endloop
  endfacet
  facet normal 0 0 1
    outer loop
      vertex -31.591 26.1344 3
      vertex -31.591 -26.1344 3
      vertex -29.8877 -28.0664 3
    endloop
  endfacet
  facet normal -0 0 1
    outer loop
      vertex -33.1697 24.0992 3
      vertex -31.591 -26.1344 3
      vertex -31.591 26.1344 3
    endloop
  endfacet
  facet normal 0 0 1
    outer loop
      vertex -33.1697 24.0992 3
      vertex -33.1697 -24.0992 3
      vertex -31.591 -26.1344 3
    endloop
  endfacet
  facet normal -0 0 1
    outer loop
      vertex -34.6174 21.9689 3
      vertex -33.1697 -24.0992 3
      vertex -33.1697 24.0992 3
    endloop
  endfacet
  facet normal 0 0 1
    outer loop
      vertex -34.6174 21.9689 3
      vertex -34.6174 -21.9689 3
      vertex -33.1697 -24.0992 3
    endloop
  endfacet
  facet normal -0 0 1
    outer loop
      vertex -35.9286 19.7519 3
      vertex -34.6174 -21.9689 3
      vertex -34.6174 21.9689 3
    endloop
  endfacet
  facet normal 0 0 1
    outer loop
      vertex -35.9286 19.7519 3
      vertex -35.9286 -19.7519 3
      vertex -34.6174 -21.9689 3
    endloop
  endfacet
  facet normal -0 0 1
    outer loop
      vertex -37.0979 17.457 3
      vertex -35.9286 -19.7519 3
      vertex -35.9286 19.7519 3
    endloop
  endfacet
  facet normal 0 0 1
    outer loop
      vertex -37.0979 17.457 3
      vertex -37.0979 -17.457 3
      vertex -35.9286 -19.7519 3
    endloop
  endfacet
  facet normal -0 0 1
    outer loop
      vertex -38.1208 15.0931 3
      vertex -37.0979 -17.457 3
      vertex -37.0979 17.457 3
    endloop
  endfacet
  facet normal 0 0 1
    outer loop
      vertex -38.1208 15.0931 3
      vertex -38.1208 -15.0931 3
      vertex -37.0979 -17.457 3
    endloop
  endfacet
  facet normal -0 0 1
    outer loop
      vertex -38.9933 12.6697 3
      vertex -38.1208 -15.0931 3
      vertex -38.1208 15.0931 3
    endloop
  endfacet
  facet normal 0 0 1
    outer loop
      vertex -38.9933 12.6697 3
      vertex -38.9933 -12.6697 3
      vertex -38.1208 -15.0931 3
    endloop
  endfacet
  facet normal -0 0 1
    outer loop
      vertex -39.7119 10.1963 3
      vertex -38.9933 -12.6697 3
      vertex -38.9933 12.6697 3
    endloop
  endfacet
  facet normal 0 0 1
    outer loop
      vertex -39.7119 10.1963 3
      vertex -39.7119 -10.1963 3
      vertex -38.9933 -12.6697 3
    endloop
  endfacet
  facet normal -0 0 1
    outer loop
      vertex -40.2738 7.68263 3
      vertex -39.7119 -10.1963 3
      vertex -39.7119 10.1963 3
    endloop
  endfacet
  facet normal 0 0 1
    outer loop
      vertex -40.2738 7.68263 3
      vertex -40.2738 -7.68263 3
      vertex -39.7119 -10.1963 3
    endloop
  endfacet
  facet normal -0 0 1
    outer loop
      vertex -40.6767 5.13866 3
      vertex -40.2738 -7.68263 3
      vertex -40.2738 7.68263 3
    endloop
  endfacet
  facet normal 0 0 1
    outer loop
      vertex -40.6767 5.13866 3
      vertex -40.6767 -5.13866 3
      vertex -40.2738 -7.68263 3
    endloop
  endfacet
  facet normal -0 0 1
    outer loop
      vertex -40.9191 2.57441 3
      vertex -40.6767 -5.13866 3
      vertex -40.6767 5.13866 3
    endloop
  endfacet
  facet normal 0 0 1
    outer loop
      vertex -40.9191 2.57441 3
      vertex -40.9191 -2.57441 3
      vertex -40.6767 -5.13866 3
    endloop
  endfacet
  facet normal 0 -0 1
    outer loop
      vertex -40.9191 -2.57441 3
      vertex -40.9191 2.57441 3
      vertex -41 0 3
    endloop
  endfacet
  facet normal -0.612916 0.790148 0
    outer loop
      vertex 26.1344 -31.591 3
      vertex 24.0992 -33.1697 6
      vertex 26.1344 -31.591 6
    endloop
  endfacet
  facet normal -0.612916 0.790148 0
    outer loop
      vertex 24.0992 -33.1697 6
      vertex 26.1344 -31.591 3
      vertex 24.0992 -33.1697 3
    endloop
  endfacet
  facet normal -0.218154 0.975914 0
    outer loop
      vertex 10.1963 -39.7119 3
      vertex 7.68263 -40.2738 6
      vertex 10.1963 -39.7119 6
    endloop
  endfacet
  facet normal -0.218154 0.975914 0
    outer loop
      vertex 7.68263 -40.2738 6
      vertex 10.1963 -39.7119 3
      vertex 7.68263 -40.2738 3
    endloop
  endfacet
  facet normal 0.509062 0.86073 -0
    outer loop
      vertex -19.7519 -35.9286 3
      vertex -21.9689 -34.6174 6
      vertex -19.7519 -35.9286 6
    endloop
  endfacet
  facet normal 0.509062 0.86073 0
    outer loop
      vertex -21.9689 -34.6174 6
      vertex -19.7519 -35.9286 3
      vertex -21.9689 -34.6174 3
    endloop
  endfacet
  facet normal 0.278995 -0.960293 0
    outer loop
      vertex -12.6697 38.9933 3
      vertex -10.1963 39.7119 6
      vertex -12.6697 38.9933 6
    endloop
  endfacet
  facet normal 0.278995 -0.960293 0
    outer loop
      vertex -10.1963 39.7119 6
      vertex -12.6697 38.9933 3
      vertex -10.1963 39.7119 3
    endloop
  endfacet
  facet normal 0.975914 0.218154 0
    outer loop
      vertex -39.7119 -10.1963 6
      vertex -40.2738 -7.68263 3
      vertex -40.2738 -7.68263 6
    endloop
  endfacet
  facet normal 0.975914 0.218154 0
    outer loop
      vertex -40.2738 -7.68263 3
      vertex -39.7119 -10.1963 6
      vertex -39.7119 -10.1963 3
    endloop
  endfacet
  facet normal -0.960293 0.278995 0
    outer loop
      vertex 38.9933 -12.6697 3
      vertex 39.7119 -10.1963 6
      vertex 39.7119 -10.1963 3
    endloop
  endfacet
  facet normal -0.960293 0.278995 0
    outer loop
      vertex 39.7119 -10.1963 6
      vertex 38.9933 -12.6697 3
      vertex 38.9933 -12.6697 6
    endloop
  endfacet
  facet normal -0.940878 -0.338746 0
    outer loop
      vertex 38.9933 12.6697 3
      vertex 38.1208 15.0931 6
      vertex 38.1208 15.0931 3
    endloop
  endfacet
  facet normal -0.940878 -0.338746 0
    outer loop
      vertex 38.1208 15.0931 6
      vertex 38.9933 12.6697 3
      vertex 38.9933 12.6697 6
    endloop
  endfacet
  facet normal -0.397131 -0.917762 0
    outer loop
      vertex 15.0931 38.1208 3
      vertex 17.457 37.0979 6
      vertex 15.0931 38.1208 6
    endloop
  endfacet
  facet normal -0.397131 -0.917762 -0
    outer loop
      vertex 17.457 37.0979 6
      vertex 15.0931 38.1208 3
      vertex 17.457 37.0979 3
    endloop
  endfacet
  facet normal -0.975914 -0.218154 0
    outer loop
      vertex 40.2738 7.68263 3
      vertex 39.7119 10.1963 6
      vertex 39.7119 10.1963 3
    endloop
  endfacet
  facet normal -0.975914 -0.218154 0
    outer loop
      vertex 39.7119 10.1963 6
      vertex 40.2738 7.68263 3
      vertex 40.2738 7.68263 6
    endloop
  endfacet
  facet normal -0.661315 -0.750109 0
    outer loop
      vertex 26.1344 31.591 3
      vertex 28.0664 29.8877 6
      vertex 26.1344 31.591 6
    endloop
  endfacet
  facet normal -0.661315 -0.750109 -0
    outer loop
      vertex 28.0664 29.8877 6
      vertex 26.1344 31.591 3
      vertex 28.0664 29.8877 3
    endloop
  endfacet
  facet normal -0.999507 -0.0314092 0
    outer loop
      vertex 41 0 3
      vertex 40.9191 2.57441 6
      vertex 40.9191 2.57441 3
    endloop
  endfacet
  facet normal -0.999507 -0.0314092 0
    outer loop
      vertex 40.9191 2.57441 6
      vertex 41 0 3
      vertex 41 0 6
    endloop
  endfacet
  facet normal 0.0314092 -0.999507 0
    outer loop
      vertex -2.57441 40.9191 3
      vertex 0 41 6
      vertex -2.57441 40.9191 6
    endloop
  endfacet
  facet normal 0.0314092 -0.999507 0
    outer loop
      vertex 0 41 6
      vertex -2.57441 40.9191 3
      vertex 0 41 3
    endloop
  endfacet
  facet normal 0.82709 -0.56207 0
    outer loop
      vertex -34.6174 21.9689 6
      vertex -33.1697 24.0992 3
      vertex -33.1697 24.0992 6
    endloop
  endfacet
  facet normal 0.82709 -0.56207 0
    outer loop
      vertex -33.1697 24.0992 3
      vertex -34.6174 21.9689 6
      vertex -34.6174 21.9689 3
    endloop
  endfacet
  facet normal 0.661315 -0.750109 0
    outer loop
      vertex -28.0664 29.8877 3
      vertex -26.1344 31.591 6
      vertex -28.0664 29.8877 6
    endloop
  endfacet
  facet normal 0.661315 -0.750109 0
    outer loop
      vertex -26.1344 31.591 6
      vertex -28.0664 29.8877 3
      vertex -26.1344 31.591 3
    endloop
  endfacet
  facet normal -0.917762 -0.397131 0
    outer loop
      vertex 38.1208 15.0931 3
      vertex 37.0979 17.457 6
      vertex 37.0979 17.457 3
    endloop
  endfacet
  facet normal -0.917762 -0.397131 0
    outer loop
      vertex 37.0979 17.457 6
      vertex 38.1208 15.0931 3
      vertex 38.1208 15.0931 6
    endloop
  endfacet
  facet normal 0.999507 0.0314092 0
    outer loop
      vertex -40.9191 -2.57441 6
      vertex -41 0 3
      vertex -41 0 6
    endloop
  endfacet
  facet normal 0.999507 0.0314092 0
    outer loop
      vertex -41 0 3
      vertex -40.9191 -2.57441 6
      vertex -40.9191 -2.57441 3
    endloop
  endfacet
  facet normal -0.661315 0.750109 0
    outer loop
      vertex 28.0664 -29.8877 3
      vertex 26.1344 -31.591 6
      vertex 28.0664 -29.8877 6
    endloop
  endfacet
  facet normal -0.661315 0.750109 0
    outer loop
      vertex 26.1344 -31.591 6
      vertex 28.0664 -29.8877 3
      vertex 26.1344 -31.591 3
    endloop
  endfacet
  facet normal -0.999507 0.0314092 0
    outer loop
      vertex 40.9191 -2.57441 3
      vertex 41 0 6
      vertex 41 0 3
    endloop
  endfacet
  facet normal -0.999507 0.0314092 0
    outer loop
      vertex 41 0 6
      vertex 40.9191 -2.57441 3
      vertex 40.9191 -2.57441 6
    endloop
  endfacet
  facet normal 0.218154 -0.975914 0
    outer loop
      vertex -10.1963 39.7119 3
      vertex -7.68263 40.2738 6
      vertex -10.1963 39.7119 6
    endloop
  endfacet
  facet normal 0.218154 -0.975914 0
    outer loop
      vertex -7.68263 40.2738 6
      vertex -10.1963 39.7119 3
      vertex -7.68263 40.2738 3
    endloop
  endfacet
  facet normal 0.56207 0.82709 -0
    outer loop
      vertex -21.9689 -34.6174 3
      vertex -24.0992 -33.1697 6
      vertex -21.9689 -34.6174 6
    endloop
  endfacet
  facet normal 0.56207 0.82709 0
    outer loop
      vertex -24.0992 -33.1697 6
      vertex -21.9689 -34.6174 3
      vertex -24.0992 -33.1697 3
    endloop
  endfacet
  facet normal -0.509062 0.86073 0
    outer loop
      vertex 21.9689 -34.6174 3
      vertex 19.7519 -35.9286 6
      vertex 21.9689 -34.6174 6
    endloop
  endfacet
  facet normal -0.509062 0.86073 0
    outer loop
      vertex 19.7519 -35.9286 6
      vertex 21.9689 -34.6174 3
      vertex 19.7519 -35.9286 3
    endloop
  endfacet
  facet normal -0.86073 -0.509062 0
    outer loop
      vertex 35.9286 19.7519 3
      vertex 34.6174 21.9689 6
      vertex 34.6174 21.9689 3
    endloop
  endfacet
  facet normal -0.86073 -0.509062 0
    outer loop
      vertex 34.6174 21.9689 6
      vertex 35.9286 19.7519 3
      vertex 35.9286 19.7519 6
    endloop
  endfacet
  facet normal 0.338746 0.940878 -0
    outer loop
      vertex -12.6697 -38.9933 3
      vertex -15.0931 -38.1208 6
      vertex -12.6697 -38.9933 6
    endloop
  endfacet
  facet normal 0.338746 0.940878 0
    outer loop
      vertex -15.0931 -38.1208 6
      vertex -12.6697 -38.9933 3
      vertex -15.0931 -38.1208 3
    endloop
  endfacet
  facet normal -0.0314092 0.999507 0
    outer loop
      vertex 2.57441 -40.9191 3
      vertex 0 -41 6
      vertex 2.57441 -40.9191 6
    endloop
  endfacet
  facet normal -0.0314092 0.999507 0
    outer loop
      vertex 0 -41 6
      vertex 2.57441 -40.9191 3
      vertex 0 -41 3
    endloop
  endfacet
  facet normal -0.975914 0.218154 0
    outer loop
      vertex 39.7119 -10.1963 3
      vertex 40.2738 -7.68263 6
      vertex 40.2738 -7.68263 3
    endloop
  endfacet
  facet normal -0.975914 0.218154 0
    outer loop
      vertex 40.2738 -7.68263 6
      vertex 39.7119 -10.1963 3
      vertex 39.7119 -10.1963 6
    endloop
  endfacet
  facet normal 0.790148 0.612916 0
    outer loop
      vertex -31.591 -26.1344 6
      vertex -33.1697 -24.0992 3
      vertex -33.1697 -24.0992 6
    endloop
  endfacet
  facet normal 0.790148 0.612916 0
    outer loop
      vertex -33.1697 -24.0992 3
      vertex -31.591 -26.1344 6
      vertex -31.591 -26.1344 3
    endloop
  endfacet
  facet normal 0.338746 -0.940878 0
    outer loop
      vertex -15.0931 38.1208 3
      vertex -12.6697 38.9933 6
      vertex -15.0931 38.1208 6
    endloop
  endfacet
  facet normal 0.338746 -0.940878 0
    outer loop
      vertex -12.6697 38.9933 6
      vertex -15.0931 38.1208 3
      vertex -12.6697 38.9933 3
    endloop
  endfacet
  facet normal -0.338746 0.940878 0
    outer loop
      vertex 15.0931 -38.1208 3
      vertex 12.6697 -38.9933 6
      vertex 15.0931 -38.1208 6
    endloop
  endfacet
  facet normal -0.338746 0.940878 0
    outer loop
      vertex 12.6697 -38.9933 6
      vertex 15.0931 -38.1208 3
      vertex 12.6697 -38.9933 3
    endloop
  endfacet
  facet normal 0.453987 -0.891008 0
    outer loop
      vertex -19.7519 35.9286 3
      vertex -17.457 37.0979 6
      vertex -19.7519 35.9286 6
    endloop
  endfacet
  facet normal 0.453987 -0.891008 0
    outer loop
      vertex -17.457 37.0979 6
      vertex -19.7519 35.9286 3
      vertex -17.457 37.0979 3
    endloop
  endfacet
  facet normal 0.917762 0.397131 0
    outer loop
      vertex -37.0979 -17.457 6
      vertex -38.1208 -15.0931 3
      vertex -38.1208 -15.0931 6
    endloop
  endfacet
  facet normal 0.917762 0.397131 0
    outer loop
      vertex -38.1208 -15.0931 3
      vertex -37.0979 -17.457 6
      vertex -37.0979 -17.457 3
    endloop
  endfacet
  facet normal 0.453987 0.891008 -0
    outer loop
      vertex -17.457 -37.0979 3
      vertex -19.7519 -35.9286 6
      vertex -17.457 -37.0979 6
    endloop
  endfacet
  facet normal 0.453987 0.891008 0
    outer loop
      vertex -19.7519 -35.9286 6
      vertex -17.457 -37.0979 3
      vertex -19.7519 -35.9286 3
    endloop
  endfacet
  facet normal 0.156425 -0.98769 0
    outer loop
      vertex -7.68263 40.2738 3
      vertex -5.13866 40.6767 6
      vertex -7.68263 40.2738 6
    endloop
  endfacet
  facet normal 0.156425 -0.98769 0
    outer loop
      vertex -5.13866 40.6767 6
      vertex -7.68263 40.2738 3
      vertex -5.13866 40.6767 3
    endloop
  endfacet
  facet normal -0.750109 0.661315 0
    outer loop
      vertex 29.8877 -28.0664 3
      vertex 31.591 -26.1344 6
      vertex 31.591 -26.1344 3
    endloop
  endfacet
  facet normal -0.750109 0.661315 0
    outer loop
      vertex 31.591 -26.1344 6
      vertex 29.8877 -28.0664 3
      vertex 29.8877 -28.0664 6
    endloop
  endfacet
  facet normal 0.790148 -0.612916 0
    outer loop
      vertex -33.1697 24.0992 6
      vertex -31.591 26.1344 3
      vertex -31.591 26.1344 6
    endloop
  endfacet
  facet normal 0.790148 -0.612916 0
    outer loop
      vertex -31.591 26.1344 3
      vertex -33.1697 24.0992 6
      vertex -33.1697 24.0992 3
    endloop
  endfacet
  facet normal -0.98769 0.156425 0
    outer loop
      vertex 40.2738 -7.68263 3
      vertex 40.6767 -5.13866 6
      vertex 40.6767 -5.13866 3
    endloop
  endfacet
  facet normal -0.98769 0.156425 0
    outer loop
      vertex 40.6767 -5.13866 6
      vertex 40.2738 -7.68263 3
      vertex 40.2738 -7.68263 6
    endloop
  endfacet
  facet normal -0.82709 -0.56207 0
    outer loop
      vertex 34.6174 21.9689 3
      vertex 33.1697 24.0992 6
      vertex 33.1697 24.0992 3
    endloop
  endfacet
  facet normal -0.82709 -0.56207 0
    outer loop
      vertex 33.1697 24.0992 6
      vertex 34.6174 21.9689 3
      vertex 34.6174 21.9689 6
    endloop
  endfacet
  facet normal 0.397131 0.917762 -0
    outer loop
      vertex -15.0931 -38.1208 3
      vertex -17.457 -37.0979 6
      vertex -15.0931 -38.1208 6
    endloop
  endfacet
  facet normal 0.397131 0.917762 0
    outer loop
      vertex -17.457 -37.0979 6
      vertex -15.0931 -38.1208 3
      vertex -17.457 -37.0979 3
    endloop
  endfacet
  facet normal -0.960293 -0.278995 0
    outer loop
      vertex 39.7119 10.1963 3
      vertex 38.9933 12.6697 6
      vertex 38.9933 12.6697 3
    endloop
  endfacet
  facet normal -0.960293 -0.278995 0
    outer loop
      vertex 38.9933 12.6697 6
      vertex 39.7119 10.1963 3
      vertex 39.7119 10.1963 6
    endloop
  endfacet
  facet normal -0.453987 -0.891008 0
    outer loop
      vertex 17.457 37.0979 3
      vertex 19.7519 35.9286 6
      vertex 17.457 37.0979 6
    endloop
  endfacet
  facet normal -0.453987 -0.891008 -0
    outer loop
      vertex 19.7519 35.9286 6
      vertex 17.457 37.0979 3
      vertex 19.7519 35.9286 3
    endloop
  endfacet
  facet normal -0.917762 0.397131 0
    outer loop
      vertex 37.0979 -17.457 3
      vertex 38.1208 -15.0931 6
      vertex 38.1208 -15.0931 3
    endloop
  endfacet
  facet normal -0.917762 0.397131 0
    outer loop
      vertex 38.1208 -15.0931 6
      vertex 37.0979 -17.457 3
      vertex 37.0979 -17.457 6
    endloop
  endfacet
  facet normal -0.891008 -0.453987 0
    outer loop
      vertex 37.0979 17.457 3
      vertex 35.9286 19.7519 6
      vertex 35.9286 19.7519 3
    endloop
  endfacet
  facet normal -0.891008 -0.453987 0
    outer loop
      vertex 35.9286 19.7519 6
      vertex 37.0979 17.457 3
      vertex 37.0979 17.457 6
    endloop
  endfacet
  facet normal 0.891008 -0.453987 0
    outer loop
      vertex -37.0979 17.457 6
      vertex -35.9286 19.7519 3
      vertex -35.9286 19.7519 6
    endloop
  endfacet
  facet normal 0.891008 -0.453987 0
    outer loop
      vertex -35.9286 19.7519 3
      vertex -37.0979 17.457 6
      vertex -37.0979 17.457 3
    endloop
  endfacet
  facet normal 0.612916 0.790148 -0
    outer loop
      vertex -24.0992 -33.1697 3
      vertex -26.1344 -31.591 6
      vertex -24.0992 -33.1697 6
    endloop
  endfacet
  facet normal 0.612916 0.790148 0
    outer loop
      vertex -26.1344 -31.591 6
      vertex -24.0992 -33.1697 3
      vertex -26.1344 -31.591 3
    endloop
  endfacet
  facet normal 0.278995 0.960293 -0
    outer loop
      vertex -10.1963 -39.7119 3
      vertex -12.6697 -38.9933 6
      vertex -10.1963 -39.7119 6
    endloop
  endfacet
  facet normal 0.278995 0.960293 0
    outer loop
      vertex -12.6697 -38.9933 6
      vertex -10.1963 -39.7119 3
      vertex -12.6697 -38.9933 3
    endloop
  endfacet
  facet normal -0.56207 -0.82709 0
    outer loop
      vertex 21.9689 34.6174 3
      vertex 24.0992 33.1697 6
      vertex 21.9689 34.6174 6
    endloop
  endfacet
  facet normal -0.56207 -0.82709 -0
    outer loop
      vertex 24.0992 33.1697 6
      vertex 21.9689 34.6174 3
      vertex 24.0992 33.1697 3
    endloop
  endfacet
  facet normal 0.661315 0.750109 -0
    outer loop
      vertex -26.1344 -31.591 3
      vertex -28.0664 -29.8877 6
      vertex -26.1344 -31.591 6
    endloop
  endfacet
  facet normal 0.661315 0.750109 0
    outer loop
      vertex -28.0664 -29.8877 6
      vertex -26.1344 -31.591 3
      vertex -28.0664 -29.8877 3
    endloop
  endfacet
  facet normal 0.975914 -0.218154 0
    outer loop
      vertex -40.2738 7.68263 6
      vertex -39.7119 10.1963 3
      vertex -39.7119 10.1963 6
    endloop
  endfacet
  facet normal 0.975914 -0.218154 0
    outer loop
      vertex -39.7119 10.1963 3
      vertex -40.2738 7.68263 6
      vertex -40.2738 7.68263 3
    endloop
  endfacet
  facet normal 0.612916 -0.790148 0
    outer loop
      vertex -26.1344 31.591 3
      vertex -24.0992 33.1697 6
      vertex -26.1344 31.591 6
    endloop
  endfacet
  facet normal 0.612916 -0.790148 0
    outer loop
      vertex -24.0992 33.1697 6
      vertex -26.1344 31.591 3
      vertex -24.0992 33.1697 3
    endloop
  endfacet
  facet normal 0.509062 -0.86073 0
    outer loop
      vertex -21.9689 34.6174 3
      vertex -19.7519 35.9286 6
      vertex -21.9689 34.6174 6
    endloop
  endfacet
  facet normal 0.509062 -0.86073 0
    outer loop
      vertex -19.7519 35.9286 6
      vertex -21.9689 34.6174 3
      vertex -19.7519 35.9286 3
    endloop
  endfacet
  facet normal -0.156425 -0.98769 0
    outer loop
      vertex 5.13866 40.6767 3
      vertex 7.68263 40.2738 6
      vertex 5.13866 40.6767 6
    endloop
  endfacet
  facet normal -0.156425 -0.98769 -0
    outer loop
      vertex 7.68263 40.2738 6
      vertex 5.13866 40.6767 3
      vertex 7.68263 40.2738 3
    endloop
  endfacet
  facet normal 0.750109 0.661315 0
    outer loop
      vertex -29.8877 -28.0664 6
      vertex -31.591 -26.1344 3
      vertex -31.591 -26.1344 6
    endloop
  endfacet
  facet normal 0.750109 0.661315 0
    outer loop
      vertex -31.591 -26.1344 3
      vertex -29.8877 -28.0664 6
      vertex -29.8877 -28.0664 3
    endloop
  endfacet
  facet normal -0.094111 0.995562 0
    outer loop
      vertex 5.13866 -40.6767 3
      vertex 2.57441 -40.9191 6
      vertex 5.13866 -40.6767 6
    endloop
  endfacet
  facet normal -0.094111 0.995562 0
    outer loop
      vertex 2.57441 -40.9191 6
      vertex 5.13866 -40.6767 3
      vertex 2.57441 -40.9191 3
    endloop
  endfacet
  facet normal 0.707107 -0.707107 0
    outer loop
      vertex -29.8877 28.0664 6
      vertex -28.0664 29.8877 3
      vertex -28.0664 29.8877 6
    endloop
  endfacet
  facet normal 0.707107 -0.707107 0
    outer loop
      vertex -28.0664 29.8877 3
      vertex -29.8877 28.0664 6
      vertex -29.8877 28.0664 3
    endloop
  endfacet
  facet normal 0.917762 -0.397131 0
    outer loop
      vertex -38.1208 15.0931 6
      vertex -37.0979 17.457 3
      vertex -37.0979 17.457 6
    endloop
  endfacet
  facet normal 0.917762 -0.397131 0
    outer loop
      vertex -37.0979 17.457 3
      vertex -38.1208 15.0931 6
      vertex -38.1208 15.0931 3
    endloop
  endfacet
  facet normal 0.98769 0.156425 0
    outer loop
      vertex -40.2738 -7.68263 6
      vertex -40.6767 -5.13866 3
      vertex -40.6767 -5.13866 6
    endloop
  endfacet
  facet normal 0.98769 0.156425 0
    outer loop
      vertex -40.6767 -5.13866 3
      vertex -40.2738 -7.68263 6
      vertex -40.2738 -7.68263 3
    endloop
  endfacet
  facet normal 0.218154 0.975914 -0
    outer loop
      vertex -7.68263 -40.2738 3
      vertex -10.1963 -39.7119 6
      vertex -7.68263 -40.2738 6
    endloop
  endfacet
  facet normal 0.218154 0.975914 0
    outer loop
      vertex -10.1963 -39.7119 6
      vertex -7.68263 -40.2738 3
      vertex -10.1963 -39.7119 3
    endloop
  endfacet
  facet normal 0.094111 0.995562 -0
    outer loop
      vertex -2.57441 -40.9191 3
      vertex -5.13866 -40.6767 6
      vertex -2.57441 -40.9191 6
    endloop
  endfacet
  facet normal 0.094111 0.995562 0
    outer loop
      vertex -5.13866 -40.6767 6
      vertex -2.57441 -40.9191 3
      vertex -5.13866 -40.6767 3
    endloop
  endfacet
  facet normal -0.397131 0.917762 0
    outer loop
      vertex 17.457 -37.0979 3
      vertex 15.0931 -38.1208 6
      vertex 17.457 -37.0979 6
    endloop
  endfacet
  facet normal -0.397131 0.917762 0
    outer loop
      vertex 15.0931 -38.1208 6
      vertex 17.457 -37.0979 3
      vertex 15.0931 -38.1208 3
    endloop
  endfacet
  facet normal 0.86073 0.509062 0
    outer loop
      vertex -34.6174 -21.9689 6
      vertex -35.9286 -19.7519 3
      vertex -35.9286 -19.7519 6
    endloop
  endfacet
  facet normal 0.86073 0.509062 0
    outer loop
      vertex -35.9286 -19.7519 3
      vertex -34.6174 -21.9689 6
      vertex -34.6174 -21.9689 3
    endloop
  endfacet
  facet normal 0.397131 -0.917762 0
    outer loop
      vertex -17.457 37.0979 3
      vertex -15.0931 38.1208 6
      vertex -17.457 37.0979 6
    endloop
  endfacet
  facet normal 0.397131 -0.917762 0
    outer loop
      vertex -15.0931 38.1208 6
      vertex -17.457 37.0979 3
      vertex -15.0931 38.1208 3
    endloop
  endfacet
  facet normal -0.278995 0.960293 0
    outer loop
      vertex 12.6697 -38.9933 3
      vertex 10.1963 -39.7119 6
      vertex 12.6697 -38.9933 6
    endloop
  endfacet
  facet normal -0.278995 0.960293 0
    outer loop
      vertex 10.1963 -39.7119 6
      vertex 12.6697 -38.9933 3
      vertex 10.1963 -39.7119 3
    endloop
  endfacet
  facet normal -0.453987 0.891008 0
    outer loop
      vertex 19.7519 -35.9286 3
      vertex 17.457 -37.0979 6
      vertex 19.7519 -35.9286 6
    endloop
  endfacet
  facet normal -0.453987 0.891008 0
    outer loop
      vertex 17.457 -37.0979 6
      vertex 19.7519 -35.9286 3
      vertex 17.457 -37.0979 3
    endloop
  endfacet
  facet normal 0.156425 0.98769 -0
    outer loop
      vertex -5.13866 -40.6767 3
      vertex -7.68263 -40.2738 6
      vertex -5.13866 -40.6767 6
    endloop
  endfacet
  facet normal 0.156425 0.98769 0
    outer loop
      vertex -7.68263 -40.2738 6
      vertex -5.13866 -40.6767 3
      vertex -7.68263 -40.2738 3
    endloop
  endfacet
  facet normal -0.0314092 -0.999507 0
    outer loop
      vertex 0 41 3
      vertex 2.57441 40.9191 6
      vertex 0 41 6
    endloop
  endfacet
  facet normal -0.0314092 -0.999507 -0
    outer loop
      vertex 2.57441 40.9191 6
      vertex 0 41 3
      vertex 2.57441 40.9191 3
    endloop
  endfacet
  facet normal -0.707107 -0.707107 0
    outer loop
      vertex 29.8877 28.0664 3
      vertex 28.0664 29.8877 6
      vertex 28.0664 29.8877 3
    endloop
  endfacet
  facet normal -0.707107 -0.707107 0
    outer loop
      vertex 28.0664 29.8877 6
      vertex 29.8877 28.0664 3
      vertex 29.8877 28.0664 6
    endloop
  endfacet
  facet normal 0.960293 0.278995 0
    outer loop
      vertex -38.9933 -12.6697 6
      vertex -39.7119 -10.1963 3
      vertex -39.7119 -10.1963 6
    endloop
  endfacet
  facet normal 0.960293 0.278995 0
    outer loop
      vertex -39.7119 -10.1963 3
      vertex -38.9933 -12.6697 6
      vertex -38.9933 -12.6697 3
    endloop
  endfacet
  facet normal 0.940878 0.338746 0
    outer loop
      vertex -38.1208 -15.0931 6
      vertex -38.9933 -12.6697 3
      vertex -38.9933 -12.6697 6
    endloop
  endfacet
  facet normal 0.940878 0.338746 0
    outer loop
      vertex -38.9933 -12.6697 3
      vertex -38.1208 -15.0931 6
      vertex -38.1208 -15.0931 3
    endloop
  endfacet
  facet normal 0.995562 -0.094111 0
    outer loop
      vertex -40.9191 2.57441 6
      vertex -40.6767 5.13866 3
      vertex -40.6767 5.13866 6
    endloop
  endfacet
  facet normal 0.995562 -0.094111 0
    outer loop
      vertex -40.6767 5.13866 3
      vertex -40.9191 2.57441 6
      vertex -40.9191 2.57441 3
    endloop
  endfacet
  facet normal -0.218154 -0.975914 0
    outer loop
      vertex 7.68263 40.2738 3
      vertex 10.1963 39.7119 6
      vertex 7.68263 40.2738 6
    endloop
  endfacet
  facet normal -0.218154 -0.975914 -0
    outer loop
      vertex 10.1963 39.7119 6
      vertex 7.68263 40.2738 3
      vertex 10.1963 39.7119 3
    endloop
  endfacet
  facet normal 0.995562 0.094111 0
    outer loop
      vertex -40.6767 -5.13866 6
      vertex -40.9191 -2.57441 3
      vertex -40.9191 -2.57441 6
    endloop
  endfacet
  facet normal 0.995562 0.094111 0
    outer loop
      vertex -40.9191 -2.57441 3
      vertex -40.6767 -5.13866 6
      vertex -40.6767 -5.13866 3
    endloop
  endfacet
  facet normal 0.094111 -0.995562 0
    outer loop
      vertex -5.13866 40.6767 3
      vertex -2.57441 40.9191 6
      vertex -5.13866 40.6767 6
    endloop
  endfacet
  facet normal 0.094111 -0.995562 0
    outer loop
      vertex -2.57441 40.9191 6
      vertex -5.13866 40.6767 3
      vertex -2.57441 40.9191 3
    endloop
  endfacet
  facet normal -0.612916 -0.790148 0
    outer loop
      vertex 24.0992 33.1697 3
      vertex 26.1344 31.591 6
      vertex 24.0992 33.1697 6
    endloop
  endfacet
  facet normal -0.612916 -0.790148 -0
    outer loop
      vertex 26.1344 31.591 6
      vertex 24.0992 33.1697 3
      vertex 26.1344 31.591 3
    endloop
  endfacet
  facet normal -0.750109 -0.661315 0
    outer loop
      vertex 31.591 26.1344 3
      vertex 29.8877 28.0664 6
      vertex 29.8877 28.0664 3
    endloop
  endfacet
  facet normal -0.750109 -0.661315 0
    outer loop
      vertex 29.8877 28.0664 6
      vertex 31.591 26.1344 3
      vertex 31.591 26.1344 6
    endloop
  endfacet
  facet normal 0.960293 -0.278995 0
    outer loop
      vertex -39.7119 10.1963 6
      vertex -38.9933 12.6697 3
      vertex -38.9933 12.6697 6
    endloop
  endfacet
  facet normal 0.960293 -0.278995 0
    outer loop
      vertex -38.9933 12.6697 3
      vertex -39.7119 10.1963 6
      vertex -39.7119 10.1963 3
    endloop
  endfacet
  facet normal -0.509062 -0.86073 0
    outer loop
      vertex 19.7519 35.9286 3
      vertex 21.9689 34.6174 6
      vertex 19.7519 35.9286 6
    endloop
  endfacet
  facet normal -0.509062 -0.86073 -0
    outer loop
      vertex 21.9689 34.6174 6
      vertex 19.7519 35.9286 3
      vertex 21.9689 34.6174 3
    endloop
  endfacet
  facet normal 0.940878 -0.338746 0
    outer loop
      vertex -38.9933 12.6697 6
      vertex -38.1208 15.0931 3
      vertex -38.1208 15.0931 6
    endloop
  endfacet
  facet normal 0.940878 -0.338746 0
    outer loop
      vertex -38.1208 15.0931 3
      vertex -38.9933 12.6697 6
      vertex -38.9933 12.6697 3
    endloop
  endfacet
  facet normal -0.278995 -0.960293 0
    outer loop
      vertex 10.1963 39.7119 3
      vertex 12.6697 38.9933 6
      vertex 10.1963 39.7119 6
    endloop
  endfacet
  facet normal -0.278995 -0.960293 -0
    outer loop
      vertex 12.6697 38.9933 6
      vertex 10.1963 39.7119 3
      vertex 12.6697 38.9933 3
    endloop
  endfacet
  facet normal -0.995562 0.094111 0
    outer loop
      vertex 40.6767 -5.13866 3
      vertex 40.9191 -2.57441 6
      vertex 40.9191 -2.57441 3
    endloop
  endfacet
  facet normal -0.995562 0.094111 0
    outer loop
      vertex 40.9191 -2.57441 6
      vertex 40.6767 -5.13866 3
      vertex 40.6767 -5.13866 6
    endloop
  endfacet
  facet normal 0.98769 -0.156425 0
    outer loop
      vertex -40.6767 5.13866 6
      vertex -40.2738 7.68263 3
      vertex -40.2738 7.68263 6
    endloop
  endfacet
  facet normal 0.98769 -0.156425 0
    outer loop
      vertex -40.2738 7.68263 3
      vertex -40.6767 5.13866 6
      vertex -40.6767 5.13866 3
    endloop
  endfacet
  facet normal -0.156425 0.98769 0
    outer loop
      vertex 7.68263 -40.2738 3
      vertex 5.13866 -40.6767 6
      vertex 7.68263 -40.2738 6
    endloop
  endfacet
  facet normal -0.156425 0.98769 0
    outer loop
      vertex 5.13866 -40.6767 6
      vertex 7.68263 -40.2738 3
      vertex 5.13866 -40.6767 3
    endloop
  endfacet
  facet normal 0.750109 -0.661315 0
    outer loop
      vertex -31.591 26.1344 6
      vertex -29.8877 28.0664 3
      vertex -29.8877 28.0664 6
    endloop
  endfacet
  facet normal 0.750109 -0.661315 0
    outer loop
      vertex -29.8877 28.0664 3
      vertex -31.591 26.1344 6
      vertex -31.591 26.1344 3
    endloop
  endfacet
  facet normal 0.86073 -0.509062 0
    outer loop
      vertex -35.9286 19.7519 6
      vertex -34.6174 21.9689 3
      vertex -34.6174 21.9689 6
    endloop
  endfacet
  facet normal 0.86073 -0.509062 0
    outer loop
      vertex -34.6174 21.9689 3
      vertex -35.9286 19.7519 6
      vertex -35.9286 19.7519 3
    endloop
  endfacet
  facet normal -0.56207 0.82709 0
    outer loop
      vertex 24.0992 -33.1697 3
      vertex 21.9689 -34.6174 6
      vertex 24.0992 -33.1697 6
    endloop
  endfacet
  facet normal -0.56207 0.82709 0
    outer loop
      vertex 21.9689 -34.6174 6
      vertex 24.0992 -33.1697 3
      vertex 21.9689 -34.6174 3
    endloop
  endfacet
  facet normal -0.940878 0.338746 0
    outer loop
      vertex 38.1208 -15.0931 3
      vertex 38.9933 -12.6697 6
      vertex 38.9933 -12.6697 3
    endloop
  endfacet
  facet normal -0.940878 0.338746 0
    outer loop
      vertex 38.9933 -12.6697 6
      vertex 38.1208 -15.0931 3
      vertex 38.1208 -15.0931 6
    endloop
  endfacet
  facet normal -0.338746 -0.940878 0
    outer loop
      vertex 12.6697 38.9933 3
      vertex 15.0931 38.1208 6
      vertex 12.6697 38.9933 6
    endloop
  endfacet
  facet normal -0.338746 -0.940878 -0
    outer loop
      vertex 15.0931 38.1208 6
      vertex 12.6697 38.9933 3
      vertex 15.0931 38.1208 3
    endloop
  endfacet
  facet normal 0.707107 0.707107 0
    outer loop
      vertex -28.0664 -29.8877 6
      vertex -29.8877 -28.0664 3
      vertex -29.8877 -28.0664 6
    endloop
  endfacet
  facet normal 0.707107 0.707107 0
    outer loop
      vertex -29.8877 -28.0664 3
      vertex -28.0664 -29.8877 6
      vertex -28.0664 -29.8877 3
    endloop
  endfacet
  facet normal -0.891008 0.453987 0
    outer loop
      vertex 35.9286 -19.7519 3
      vertex 37.0979 -17.457 6
      vertex 37.0979 -17.457 3
    endloop
  endfacet
  facet normal -0.891008 0.453987 0
    outer loop
      vertex 37.0979 -17.457 6
      vertex 35.9286 -19.7519 3
      vertex 35.9286 -19.7519 6
    endloop
  endfacet
  facet normal 0.999507 -0.0314092 0
    outer loop
      vertex -41 0 6
      vertex -40.9191 2.57441 3
      vertex -40.9191 2.57441 6
    endloop
  endfacet
  facet normal 0.999507 -0.0314092 0
    outer loop
      vertex -40.9191 2.57441 3
      vertex -41 0 6
      vertex -41 0 3
    endloop
  endfacet
  facet normal 0.56207 -0.82709 0
    outer loop
      vertex -24.0992 33.1697 3
      vertex -21.9689 34.6174 6
      vertex -24.0992 33.1697 6
    endloop
  endfacet
  facet normal 0.56207 -0.82709 0
    outer loop
      vertex -21.9689 34.6174 6
      vertex -24.0992 33.1697 3
      vertex -21.9689 34.6174 3
    endloop
  endfacet
  facet normal 0.82709 0.56207 0
    outer loop
      vertex -33.1697 -24.0992 6
      vertex -34.6174 -21.9689 3
      vertex -34.6174 -21.9689 6
    endloop
  endfacet
  facet normal 0.82709 0.56207 0
    outer loop
      vertex -34.6174 -21.9689 3
      vertex -33.1697 -24.0992 6
      vertex -33.1697 -24.0992 3
    endloop
  endfacet
  facet normal 0.891008 0.453987 0
    outer loop
      vertex -35.9286 -19.7519 6
      vertex -37.0979 -17.457 3
      vertex -37.0979 -17.457 6
    endloop
  endfacet
  facet normal 0.891008 0.453987 0
    outer loop
      vertex -37.0979 -17.457 3
      vertex -35.9286 -19.7519 6
      vertex -35.9286 -19.7519 3
    endloop
  endfacet
endsolid OpenSCAD_Model
